id1,id2,result
UC-K0pQo4HP0IjwDc65X4Zng,UC042BoatnB2tts9IwldTJpw,40.17461885320133
UC-K0pQo4HP0IjwDc65X4Zng,UC0BXL2bOfLSONFDQSAFzyAQ,48.176757881783615
UC-K0pQo4HP0IjwDc65X4Zng,UC0DTrr8CZEtrjId6h4erx1A,40.570925550201586
UC-K0pQo4HP0IjwDc65X4Zng,UC0MuRWrWdjZTLZCgLA6d_xQ,39.698866482558415
UC-K0pQo4HP0IjwDc65X4Zng,UC1JDIWa7ydNkrTqJU98Qz9g,40.85339643163099
UC-K0pQo4HP0IjwDc65X4Zng,UC1PPF-cSCAgdmApk1t7Wung,39.370039370059054
UC-K0pQo4HP0IjwDc65X4Zng,UC1hqzN6WWy_qNXDZAVk5EEw,39.824615503479755
UC-K0pQo4HP0IjwDc65X4Zng,UC1iw3TmZsFamKz7YpPh1Wig,39.370039370059054
UC-K0pQo4HP0IjwDc65X4Zng,UC1rrVrDilPXH43jt2IOUN5Q,44.24929377967517
UC-K0pQo4HP0IjwDc65X4Zng,UC1ru5NEMMr6n1HyL_o_a7oQ,40.85339643163099
UC-K0pQo4HP0IjwDc65X4Zng,UC2-uN8P8V-e25jTzfIcxupQ,43.09292285283048
UC-K0pQo4HP0IjwDc65X4Zng,UC25TYOUGofAkd1UMaAMa2mg,40.18706259482024
UC-K0pQo4HP0IjwDc65X4Zng,UC3-Ex-f951g2vMw3QNR1lfw,51.56549233741495
UC-K0pQo4HP0IjwDc65X4Zng,UC3EeTdqeuZLcG7CReLi1Dvw,50.35871324805669
UC-K0pQo4HP0IjwDc65X4Zng,UC3QNa7kEJA99Eth6vJT_7bg,44.21538193886829
UC-K0pQo4HP0IjwDc65X4Zng,UC3kBEVpVAwlJ14LOnCadFYQ,41.71330722922842
UC-K0pQo4HP0IjwDc65X4Zng,UC443g47bJjk9fhUUEPxYJ_g,44.24929377967517
UC-K0pQo4HP0IjwDc65X4Zng,UC4E9bYQ3V6QAYDgA-GlTQuw,40.70626487409524
UC-K0pQo4HP0IjwDc65X4Zng,UC4EHkIHXxaSBlDpu0no7uvQ,42.77849927241488
UC-K0pQo4HP0IjwDc65X4Zng,UC4RjJRD0iCHz2IfFXGIMuGA,54.89080068645383
UC-K0pQo4HP0IjwDc65X4Zng,UC4bo_U28B-w3G-A0KkvdgbQ,42.5440947723653
UC-K0pQo4HP0IjwDc65X4Zng,UC4cB4tChK474PAEhUng-uAg,40.43513323831146
UC-K0pQo4HP0IjwDc65X4Zng,UC4j_IUak80HyK2t5ihzk9yA,48.36320915737499
UC-K0pQo4HP0IjwDc65X4Zng,UC5CzLk5UPG-yR9V1utLoiPA,49.70915408654627
UC-K0pQo4HP0IjwDc65X4Zng,UC5EBhVzE3pN3SQpM_8dBtKg,42.2729227756965
UC-K0pQo4HP0IjwDc65X4Zng,UC5vDV47DxCtkubXzyA4DvpA,40.58324777540605
UC-K0pQo4HP0IjwDc65X4Zng,UC6hrh8ghfA9YQfXR2avigfg,40.024992192379
UC-K0pQo4HP0IjwDc65X4Zng,UC6tYCyAG-TztXsWDYFf9ZDg,40.54626986542659
UC-K0pQo4HP0IjwDc65X4Zng,UC703mZ0bKgm-tHzI_gMfS7Q,43.53159771935783
UC-K0pQo4HP0IjwDc65X4Zng,UC74e4m0Vs8egJvUj6LtDG-g,42.01190307520001
UC-K0pQo4HP0IjwDc65X4Zng,UC75xsrq_uBocvYIXyLY4_iA,42.320207938997655
UC-K0pQo4HP0IjwDc65X4Zng,UC7P6ltVQKDGQ3j3b57iuWRQ,39.52214569073901
UC-K0pQo4HP0IjwDc65X4Zng,UC7dpiVH0l8O2yAQx7rTLMnA,39.83716857408418
UC-K0pQo4HP0IjwDc65X4Zng,UC7vhLT-Lc47db1xsOFM6gTw,42.118879377305376
UC-K0pQo4HP0IjwDc65X4Zng,UC88_jOaLuvhMX450UJD6DBg,43.15089802078283
UC-K0pQo4HP0IjwDc65X4Zng,UC89S9LRZ8hog0TMFp5T-PTA,40.87786687193939
UC-K0pQo4HP0IjwDc65X4Zng,UC8MNZvGwlAtCCF0TmN2A0dA,39.25557285278104
UC-K0pQo4HP0IjwDc65X4Zng,UC8xz1NJSEUzVlGyYwIjF8Tw,40.28647415696737
UC-K0pQo4HP0IjwDc65X4Zng,UC9CfJhTyDIBAISF-gNx6uxQ,40.85339643163099
UC-K0pQo4HP0IjwDc65X4Zng,UC9LpevInLWcm9uRjM8qc_WQ,39.736632972611055
UC-K0pQo4HP0IjwDc65X4Zng,UC9P6TQeN1UuznA4AZiTQwKw,46.8187996428785
UC-K0pQo4HP0IjwDc65X4Zng,UC9lAv7HY7o6PRxo4gfu9xhA,40.23679907746142
UC-K0pQo4HP0IjwDc65X4Zng,UCA2fnB98pIGQO3GIYKHuDPQ,44.955533585978046
UC-K0pQo4HP0IjwDc65X4Zng,UCAJy65bqVik-EdvwT0p89Hg,40.963398296528084
UC-K0pQo4HP0IjwDc65X4Zng,UCANEa40tf38ZWxxynRPXCMg,41.557189510360296
UC-K0pQo4HP0IjwDc65X4Zng,UCAQ8CFfCCmwItdNUFkdkS-A,44.46346815083142
UC-K0pQo4HP0IjwDc65X4Zng,UCAdbQGAhzEQ5Vh1wojL8DDA,48.8978527135906
UC-K0pQo4HP0IjwDc65X4Zng,UCAqHM4W0LBTwPmUMEJC9XmQ,41.6293165929973
UC-K0pQo4HP0IjwDc65X4Zng,UCBM-yQUDLXRHll83QSd5C4w,41.31585652022719
UC042BoatnB2tts9IwldTJpw,UC0BXL2bOfLSONFDQSAFzyAQ,43.02324952859791
UC042BoatnB2tts9IwldTJpw,UC0DTrr8CZEtrjId6h4erx1A,34.058772731852805
UC042BoatnB2tts9IwldTJpw,UC0MuRWrWdjZTLZCgLA6d_xQ,33.166247903554
UC042BoatnB2tts9IwldTJpw,UC1JDIWa7ydNkrTqJU98Qz9g,33.83784863137726
UC042BoatnB2tts9IwldTJpw,UC1PPF-cSCAgdmApk1t7Wung,32.4037034920393
UC042BoatnB2tts9IwldTJpw,UC1hqzN6WWy_qNXDZAVk5EEw,33.015148038438355
UC042BoatnB2tts9IwldTJpw,UC1iw3TmZsFamKz7YpPh1Wig,32.37282811247729
UC042BoatnB2tts9IwldTJpw,UC1rrVrDilPXH43jt2IOUN5Q,38.41874542459709
UC042BoatnB2tts9IwldTJpw,UC1ru5NEMMr6n1HyL_o_a7oQ,34.044089061098404
UC042BoatnB2tts9IwldTJpw,UC2-uN8P8V-e25jTzfIcxupQ,36.51027252705737
UC042BoatnB2tts9IwldTJpw,UC25TYOUGofAkd1UMaAMa2mg,33.45145736735546
UC042BoatnB2tts9IwldTJpw,UC3-Ex-f951g2vMw3QNR1lfw,46.44351407893249
UC042BoatnB2tts9IwldTJpw,UC3EeTdqeuZLcG7CReLi1Dvw,45.34313619501854
UC042BoatnB2tts9IwldTJpw,UC3QNa7kEJA99Eth6vJT_7bg,38.06573262134856
UC042BoatnB2tts9IwldTJpw,UC3kBEVpVAwlJ14LOnCadFYQ,35.66510900025401
UC042BoatnB2tts9IwldTJpw,UC443g47bJjk9fhUUEPxYJ_g,39.16631205513228
UC042BoatnB2tts9IwldTJpw,UC4E9bYQ3V6QAYDgA-GlTQuw,34.219877264537345
UC042BoatnB2tts9IwldTJpw,UC4EHkIHXxaSBlDpu0no7uvQ,36.3318042491699
UC042BoatnB2tts9IwldTJpw,UC4RjJRD0iCHz2IfFXGIMuGA,50.38849074937649
UC042BoatnB2tts9IwldTJpw,UC4bo_U28B-w3G-A0KkvdgbQ,35.805027579936315
UC042BoatnB2tts9IwldTJpw,UC4cB4tChK474PAEhUng-uAg,33.77869150810907
UC042BoatnB2tts9IwldTJpw,UC4j_IUak80HyK2t5ihzk9yA,43.04648650006177
UC042BoatnB2tts9IwldTJpw,UC5CzLk5UPG-yR9V1utLoiPA,44.44097208657794
UC042BoatnB2tts9IwldTJpw,UC5EBhVzE3pN3SQpM_8dBtKg,36.0416425818802
UC042BoatnB2tts9IwldTJpw,UC5vDV47DxCtkubXzyA4DvpA,34.597687784012386
UC042BoatnB2tts9IwldTJpw,UC6hrh8ghfA9YQfXR2avigfg,33.04542328371661
UC042BoatnB2tts9IwldTJpw,UC6tYCyAG-TztXsWDYFf9ZDg,33.88214869219483
UC042BoatnB2tts9IwldTJpw,UC703mZ0bKgm-tHzI_gMfS7Q,37.5632799419859
UC042BoatnB2tts9IwldTJpw,UC74e4m0Vs8egJvUj6LtDG-g,35.482389998420345
UC042BoatnB2tts9IwldTJpw,UC75xsrq_uBocvYIXyLY4_iA,36.180105030251084
UC042BoatnB2tts9IwldTJpw,UC7P6ltVQKDGQ3j3b57iuWRQ,32.93933818400121
UC042BoatnB2tts9IwldTJpw,UC7dpiVH0l8O2yAQx7rTLMnA,32.96968304366907
UC042BoatnB2tts9IwldTJpw,UC7vhLT-Lc47db1xsOFM6gTw,35.58089374931439
UC042BoatnB2tts9IwldTJpw,UC88_jOaLuvhMX450UJD6DBg,36.932370625238775
UC042BoatnB2tts9IwldTJpw,UC89S9LRZ8hog0TMFp5T-PTA,34.19064199455752
UC042BoatnB2tts9IwldTJpw,UC8MNZvGwlAtCCF0TmN2A0dA,32.51153641401772
UC042BoatnB2tts9IwldTJpw,UC8xz1NJSEUzVlGyYwIjF8Tw,33.27160951922825
UC042BoatnB2tts9IwldTJpw,UC9CfJhTyDIBAISF-gNx6uxQ,34.249087579087416
UC042BoatnB2tts9IwldTJpw,UC9LpevInLWcm9uRjM8qc_WQ,32.848135411313685
UC042BoatnB2tts9IwldTJpw,UC9P6TQeN1UuznA4AZiTQwKw,41.15823125451335
UC042BoatnB2tts9IwldTJpw,UC9lAv7HY7o6PRxo4gfu9xhA,33.45145736735546
UC042BoatnB2tts9IwldTJpw,UCA2fnB98pIGQO3GIYKHuDPQ,38.742741255621034
UC042BoatnB2tts9IwldTJpw,UCAJy65bqVik-EdvwT0p89Hg,34.322004603461025
UC042BoatnB2tts9IwldTJpw,UCANEa40tf38ZWxxynRPXCMg,35.17101079013795
UC042BoatnB2tts9IwldTJpw,UCAQ8CFfCCmwItdNUFkdkS-A,38.48376280978771
UC042BoatnB2tts9IwldTJpw,UCAdbQGAhzEQ5Vh1wojL8DDA,43.76071297408213
UC042BoatnB2tts9IwldTJpw,UCAqHM4W0LBTwPmUMEJC9XmQ,35.4259791678367
UC042BoatnB2tts9IwldTJpw,UCBM-yQUDLXRHll83QSd5C4w,34.713109915419565
UC0BXL2bOfLSONFDQSAFzyAQ,UC0DTrr8CZEtrjId6h4erx1A,43.485629810317796
UC0BXL2bOfLSONFDQSAFzyAQ,UC0MuRWrWdjZTLZCgLA6d_xQ,42.906875905849866
UC0BXL2bOfLSONFDQSAFzyAQ,UC1JDIWa7ydNkrTqJU98Qz9g,43.45112196480086
UC0BXL2bOfLSONFDQSAFzyAQ,UC1PPF-cSCAgdmApk1t7Wung,42.20189569201838
UC0BXL2bOfLSONFDQSAFzyAQ,UC1hqzN6WWy_qNXDZAVk5EEw,42.790185790669334
UC0BXL2bOfLSONFDQSAFzyAQ,UC1iw3TmZsFamKz7YpPh1Wig,42.2965719651132
UC0BXL2bOfLSONFDQSAFzyAQ,UC1rrVrDilPXH43jt2IOUN5Q,46.65833258915282
UC0BXL2bOfLSONFDQSAFzyAQ,UC1ru5NEMMr6n1HyL_o_a7oQ,43.77213725647858
UC0BXL2bOfLSONFDQSAFzyAQ,UC2-uN8P8V-e25jTzfIcxupQ,45.45327270945405
UC0BXL2bOfLSONFDQSAFzyAQ,UC25TYOUGofAkd1UMaAMa2mg,42.988370520409354
UC0BXL2bOfLSONFDQSAFzyAQ,UC3-Ex-f951g2vMw3QNR1lfw,53.52569476429054
UC0BXL2bOfLSONFDQSAFzyAQ,UC3EeTdqeuZLcG7CReLi1Dvw,52.48809388804284
UC0BXL2bOfLSONFDQSAFzyAQ,UC3QNa7kEJA99Eth6vJT_7bg,46.69047011971501
UC0BXL2bOfLSONFDQSAFzyAQ,UC3kBEVpVAwlJ14LOnCadFYQ,44.88875137492688
UC0BXL2bOfLSONFDQSAFzyAQ,UC443g47bJjk9fhUUEPxYJ_g,47.38143096192854
UC0BXL2bOfLSONFDQSAFzyAQ,UC4E9bYQ3V6QAYDgA-GlTQuw,43.31281565541543
UC0BXL2bOfLSONFDQSAFzyAQ,UC4EHkIHXxaSBlDpu0no7uvQ,45.39823785126467
UC0BXL2bOfLSONFDQSAFzyAQ,UC4RjJRD0iCHz2IfFXGIMuGA,56.7097875150313
UC0BXL2bOfLSONFDQSAFzyAQ,UC4bo_U28B-w3G-A0KkvdgbQ,44.955533585978046
UC0BXL2bOfLSONFDQSAFzyAQ,UC4cB4tChK474PAEhUng-uAg,42.988370520409354
UC0BXL2bOfLSONFDQSAFzyAQ,UC4j_IUak80HyK2t5ihzk9yA,50.23942674832188
UC0BXL2bOfLSONFDQSAFzyAQ,UC5CzLk5UPG-yR9V1utLoiPA,51.76871642217914
UC0BXL2bOfLSONFDQSAFzyAQ,UC5EBhVzE3pN3SQpM_8dBtKg,44.9221548904324
UC0BXL2bOfLSONFDQSAFzyAQ,UC5vDV47DxCtkubXzyA4DvpA,43.56604182158393
UC0BXL2bOfLSONFDQSAFzyAQ,UC6hrh8ghfA9YQfXR2avigfg,42.790185790669334
UC0BXL2bOfLSONFDQSAFzyAQ,UC6tYCyAG-TztXsWDYFf9ZDg,43.508619835614184
UC0BXL2bOfLSONFDQSAFzyAQ,UC703mZ0bKgm-tHzI_gMfS7Q,46.130250378683186
UC0BXL2bOfLSONFDQSAFzyAQ,UC74e4m0Vs8egJvUj6LtDG-g,44.76605857119878
UC0BXL2bOfLSONFDQSAFzyAQ,UC75xsrq_uBocvYIXyLY4_iA,45.0111097397076
UC0BXL2bOfLSONFDQSAFzyAQ,UC7P6ltVQKDGQ3j3b57iuWRQ,42.731721238442994
UC0BXL2bOfLSONFDQSAFzyAQ,UC7dpiVH0l8O2yAQx7rTLMnA,42.61455150532503
UC0BXL2bOfLSONFDQSAFzyAQ,UC7vhLT-Lc47db1xsOFM6gTw,44.88875137492688
UC0BXL2bOfLSONFDQSAFzyAQ,UC88_jOaLuvhMX450UJD6DBg,45.42025979670306
UC0BXL2bOfLSONFDQSAFzyAQ,UC89S9LRZ8hog0TMFp5T-PTA,43.726422218150894
UC0BXL2bOfLSONFDQSAFzyAQ,UC8MNZvGwlAtCCF0TmN2A0dA,42.14261501141095
UC0BXL2bOfLSONFDQSAFzyAQ,UC8xz1NJSEUzVlGyYwIjF8Tw,43.01162633521314
UC0BXL2bOfLSONFDQSAFzyAQ,UC9CfJhTyDIBAISF-gNx6uxQ,43.726422218150894
UC0BXL2bOfLSONFDQSAFzyAQ,UC9LpevInLWcm9uRjM8qc_WQ,42.731721238442994
UC0BXL2bOfLSONFDQSAFzyAQ,UC9P6TQeN1UuznA4AZiTQwKw,49.42671342502959
UC0BXL2bOfLSONFDQSAFzyAQ,UC9lAv7HY7o6PRxo4gfu9xhA,43.174066289845804
UC0BXL2bOfLSONFDQSAFzyAQ,UCA2fnB98pIGQO3GIYKHuDPQ,47.05316142407437
UC0BXL2bOfLSONFDQSAFzyAQ,UCAJy65bqVik-EdvwT0p89Hg,43.60045871318328
UC0BXL2bOfLSONFDQSAFzyAQ,UCANEa40tf38ZWxxynRPXCMg,44.36214602563767
UC0BXL2bOfLSONFDQSAFzyAQ,UCAQ8CFfCCmwItdNUFkdkS-A,46.75467891024384
UC0BXL2bOfLSONFDQSAFzyAQ,UCAdbQGAhzEQ5Vh1wojL8DDA,51.068581339214816
UC0BXL2bOfLSONFDQSAFzyAQ,UCAqHM4W0LBTwPmUMEJC9XmQ,44.49719092257398
UC0BXL2bOfLSONFDQSAFzyAQ,UCBM-yQUDLXRHll83QSd5C4w,43.9089968002003
UC0DTrr8CZEtrjId6h4erx1A,UC0MuRWrWdjZTLZCgLA6d_xQ,33.91164991562634
UC0DTrr8CZEtrjId6h4erx1A,UC1JDIWa7ydNkrTqJU98Qz9g,34.539832078341085
UC0DTrr8CZEtrjId6h4erx1A,UC1PPF-cSCAgdmApk1t7Wung,32.92415526630866
UC0DTrr8CZEtrjId6h4erx1A,UC1hqzN6WWy_qNXDZAVk5EEw,33.61547262794322
UC0DTrr8CZEtrjId6h4erx1A,UC1iw3TmZsFamKz7YpPh1Wig,33.25657829663178
UC0DTrr8CZEtrjId6h4erx1A,UC1rrVrDilPXH43jt2IOUN5Q,39.03844259188627
UC0DTrr8CZEtrjId6h4erx1A,UC1ru5NEMMr6n1HyL_o_a7oQ,35.02855977627399
UC0DTrr8CZEtrjId6h4erx1A,UC2-uN8P8V-e25jTzfIcxupQ,37.26929030716845
UC0DTrr8CZEtrjId6h4erx1A,UC25TYOUGofAkd1UMaAMa2mg,34.044089061098404
UC0DTrr8CZEtrjId6h4erx1A,UC3-Ex-f951g2vMw3QNR1lfw,46.74398357008097
UC0DTrr8CZEtrjId6h4erx1A,UC3EeTdqeuZLcG7CReLi1Dvw,45.628938186199335
UC0DTrr8CZEtrjId6h4erx1A,UC3QNa7kEJA99Eth6vJT_7bg,38.66522985836241
UC0DTrr8CZEtrjId6h4erx1A,UC3kBEVpVAwlJ14LOnCadFYQ,36.46916505762094
UC0DTrr8CZEtrjId6h4erx1A,UC443g47bJjk9fhUUEPxYJ_g,39.87480407475377
UC0DTrr8CZEtrjId6h4erx1A,UC4E9bYQ3V6QAYDgA-GlTQuw,34.62657938636157
UC0DTrr8CZEtrjId6h4erx1A,UC4EHkIHXxaSBlDpu0no7uvQ,36.87817782917155
UC0DTrr8CZEtrjId6h4erx1A,UC4RjJRD0iCHz2IfFXGIMuGA,50.48762224545735
UC0DTrr8CZEtrjId6h4erx1A,UC4bo_U28B-w3G-A0KkvdgbQ,36.578682316343766
UC0DTrr8CZEtrjId6h4erx1A,UC4cB4tChK474PAEhUng-uAg,34.161381705077446
UC0DTrr8CZEtrjId6h4erx1A,UC4j_IUak80HyK2t5ihzk9yA,43.23193264243457
UC0DTrr8CZEtrjId6h4erx1A,UC5CzLk5UPG-yR9V1utLoiPA,45.044422518220834
UC0DTrr8CZEtrjId6h4erx1A,UC5EBhVzE3pN3SQpM_8dBtKg,36.565010597564445
UC0DTrr8CZEtrjId6h4erx1A,UC5vDV47DxCtkubXzyA4DvpA,35.11409973215888
UC0DTrr8CZEtrjId6h4erx1A,UC6hrh8ghfA9YQfXR2avigfg,34.058772731852805
UC0DTrr8CZEtrjId6h4erx1A,UC6tYCyAG-TztXsWDYFf9ZDg,34.785054261852174
UC0DTrr8CZEtrjId6h4erx1A,UC703mZ0bKgm-tHzI_gMfS7Q,38.3275357934736
UC0DTrr8CZEtrjId6h4erx1A,UC74e4m0Vs8egJvUj6LtDG-g,36.40054944640259
UC0DTrr8CZEtrjId6h4erx1A,UC75xsrq_uBocvYIXyLY4_iA,36.810324638611924
UC0DTrr8CZEtrjId6h4erx1A,UC7P6ltVQKDGQ3j3b57iuWRQ,33.66006535941367
UC0DTrr8CZEtrjId6h4erx1A,UC7dpiVH0l8O2yAQx7rTLMnA,33.80828300875393
UC0DTrr8CZEtrjId6h4erx1A,UC7vhLT-Lc47db1xsOFM6gTw,36.22154055254967
UC0DTrr8CZEtrjId6h4erx1A,UC88_jOaLuvhMX450UJD6DBg,37.49666651850535
UC0DTrr8CZEtrjId6h4erx1A,UC89S9LRZ8hog0TMFp5T-PTA,34.942810419312295
UC0DTrr8CZEtrjId6h4erx1A,UC8MNZvGwlAtCCF0TmN2A0dA,33.24154027718932
UC0DTrr8CZEtrjId6h4erx1A,UC8xz1NJSEUzVlGyYwIjF8Tw,34.044089061098404
UC0DTrr8CZEtrjId6h4erx1A,UC9CfJhTyDIBAISF-gNx6uxQ,35.0
UC0DTrr8CZEtrjId6h4erx1A,UC9LpevInLWcm9uRjM8qc_WQ,33.71943060017473
UC0DTrr8CZEtrjId6h4erx1A,UC9P6TQeN1UuznA4AZiTQwKw,41.83300132670378
UC0DTrr8CZEtrjId6h4erx1A,UC9lAv7HY7o6PRxo4gfu9xhA,34.48187929913333
UC0DTrr8CZEtrjId6h4erx1A,UCA2fnB98pIGQO3GIYKHuDPQ,39.408120990476064
UC0DTrr8CZEtrjId6h4erx1A,UCAJy65bqVik-EdvwT0p89Hg,35.014282800023196
UC0DTrr8CZEtrjId6h4erx1A,UCANEa40tf38ZWxxynRPXCMg,35.958309192730404
UC0DTrr8CZEtrjId6h4erx1A,UCAQ8CFfCCmwItdNUFkdkS-A,39.179076048319466
UC0DTrr8CZEtrjId6h4erx1A,UCAdbQGAhzEQ5Vh1wojL8DDA,44.07947368106838
UC0DTrr8CZEtrjId6h4erx1A,UCAqHM4W0LBTwPmUMEJC9XmQ,35.98610843089316
UC0DTrr8CZEtrjId6h4erx1A,UCBM-yQUDLXRHll83QSd5C4w,35.62302626111375
UC0MuRWrWdjZTLZCgLA6d_xQ,UC1JDIWa7ydNkrTqJU98Qz9g,33.926390907374746
UC0MuRWrWdjZTLZCgLA6d_xQ,UC1PPF-cSCAgdmApk1t7Wung,32.4037034920393
UC0MuRWrWdjZTLZCgLA6d_xQ,UC1hqzN6WWy_qNXDZAVk5EEw,32.95451410656816
UC0MuRWrWdjZTLZCgLA6d_xQ,UC1iw3TmZsFamKz7YpPh1Wig,32.341923257592455
UC0MuRWrWdjZTLZCgLA6d_xQ,UC1rrVrDilPXH43jt2IOUN5Q,38.23610858861032
UC0MuRWrWdjZTLZCgLA6d_xQ,UC1ru5NEMMr6n1HyL_o_a7oQ,33.926390907374746
UC0MuRWrWdjZTLZCgLA6d_xQ,UC2-uN8P8V-e25jTzfIcxupQ,36.53765181289022
UC0MuRWrWdjZTLZCgLA6d_xQ,UC25TYOUGofAkd1UMaAMa2mg,33.391615714128
UC0MuRWrWdjZTLZCgLA6d_xQ,UC3-Ex-f951g2vMw3QNR1lfw,46.2709412050371
UC0MuRWrWdjZTLZCgLA6d_xQ,UC3EeTdqeuZLcG7CReLi1Dvw,45.16635916254486
UC0MuRWrWdjZTLZCgLA6d_xQ,UC3QNa7kEJA99Eth6vJT_7bg,37.907782842049734
UC0MuRWrWdjZTLZCgLA6d_xQ,UC3kBEVpVAwlJ14LOnCadFYQ,35.63705936241092
UC0MuRWrWdjZTLZCgLA6d_xQ,UC443g47bJjk9fhUUEPxYJ_g,39.03844259188627
UC0MuRWrWdjZTLZCgLA6d_xQ,UC4E9bYQ3V6QAYDgA-GlTQuw,33.95585369269929
UC0MuRWrWdjZTLZCgLA6d_xQ,UC4EHkIHXxaSBlDpu0no7uvQ,36.27671429443411
UC0MuRWrWdjZTLZCgLA6d_xQ,UC4RjJRD0iCHz2IfFXGIMuGA,50.24937810560445
UC0MuRWrWdjZTLZCgLA6d_xQ,UC4bo_U28B-w3G-A0KkvdgbQ,35.832945734337834
UC0MuRWrWdjZTLZCgLA6d_xQ,UC4cB4tChK474PAEhUng-uAg,33.60059523282288
UC0MuRWrWdjZTLZCgLA6d_xQ,UC4j_IUak80HyK2t5ihzk9yA,42.86023798347368
UC0MuRWrWdjZTLZCgLA6d_xQ,UC5CzLk5UPG-yR9V1utLoiPA,44.034077712607996
UC0MuRWrWdjZTLZCgLA6d_xQ,UC5EBhVzE3pN3SQpM_8dBtKg,35.90264614203248
UC0MuRWrWdjZTLZCgLA6d_xQ,UC5vDV47DxCtkubXzyA4DvpA,34.0147027033899
UC0MuRWrWdjZTLZCgLA6d_xQ,UC6hrh8ghfA9YQfXR2avigfg,33.015148038438355
UC0MuRWrWdjZTLZCgLA6d_xQ,UC6tYCyAG-TztXsWDYFf9ZDg,33.97057550292606
UC0MuRWrWdjZTLZCgLA6d_xQ,UC703mZ0bKgm-tHzI_gMfS7Q,37.589892258425
UC0MuRWrWdjZTLZCgLA6d_xQ,UC74e4m0Vs8egJvUj6LtDG-g,35.510561809129406
UC0MuRWrWdjZTLZCgLA6d_xQ,UC75xsrq_uBocvYIXyLY4_iA,36.124783736376884
UC0MuRWrWdjZTLZCgLA6d_xQ,UC7P6ltVQKDGQ3j3b57iuWRQ,33.12099032335839
UC0MuRWrWdjZTLZCgLA6d_xQ,UC7dpiVH0l8O2yAQx7rTLMnA,33.090784215548595
UC0MuRWrWdjZTLZCgLA6d_xQ,UC7vhLT-Lc47db1xsOFM6gTw,35.86084215408221
UC0MuRWrWdjZTLZCgLA6d_xQ,UC88_jOaLuvhMX450UJD6DBg,36.76955262170047
UC0MuRWrWdjZTLZCgLA6d_xQ,UC89S9LRZ8hog0TMFp5T-PTA,33.98529093593286
UC0MuRWrWdjZTLZCgLA6d_xQ,UC8MNZvGwlAtCCF0TmN2A0dA,32.357379374726875
UC0MuRWrWdjZTLZCgLA6d_xQ,UC8xz1NJSEUzVlGyYwIjF8Tw,33.27160951922825
UC0MuRWrWdjZTLZCgLA6d_xQ,UC9CfJhTyDIBAISF-gNx6uxQ,34.10278580995987
UC0MuRWrWdjZTLZCgLA6d_xQ,UC9LpevInLWcm9uRjM8qc_WQ,32.87856444554719
UC0MuRWrWdjZTLZCgLA6d_xQ,UC9P6TQeN1UuznA4AZiTQwKw,41.32795663954365
UC0MuRWrWdjZTLZCgLA6d_xQ,UC9lAv7HY7o6PRxo4gfu9xhA,33.54101966249684
UC0MuRWrWdjZTLZCgLA6d_xQ,UCA2fnB98pIGQO3GIYKHuDPQ,38.768543949960254
UC0MuRWrWdjZTLZCgLA6d_xQ,UCAJy65bqVik-EdvwT0p89Hg,34.20526275297414
UC0MuRWrWdjZTLZCgLA6d_xQ,UCANEa40tf38ZWxxynRPXCMg,35.11409973215888
UC0MuRWrWdjZTLZCgLA6d_xQ,UCAQ8CFfCCmwItdNUFkdkS-A,38.48376280978771
UC0MuRWrWdjZTLZCgLA6d_xQ,UCAdbQGAhzEQ5Vh1wojL8DDA,43.64630568559039
UC0MuRWrWdjZTLZCgLA6d_xQ,UCAqHM4W0LBTwPmUMEJC9XmQ,35.397740040855716
UC0MuRWrWdjZTLZCgLA6d_xQ,UCBM-yQUDLXRHll83QSd5C4w,34.597687784012386
UC1JDIWa7ydNkrTqJU98Qz9g,UC1PPF-cSCAgdmApk1t7Wung,33.03028912982749
UC1JDIWa7ydNkrTqJU98Qz9g,UC1hqzN6WWy_qNXDZAVk5EEw,33.63034344160047
UC1JDIWa7ydNkrTqJU98Qz9g,UC1iw3TmZsFamKz7YpPh1Wig,32.96968304366907
UC1JDIWa7ydNkrTqJU98Qz9g,UC1rrVrDilPXH43jt2IOUN5Q,38.87158345115362
UC1JDIWa7ydNkrTqJU98Qz9g,UC1ru5NEMMr6n1HyL_o_a7oQ,34.785054261852174
UC1JDIWa7ydNkrTqJU98Qz9g,UC2-uN8P8V-e25jTzfIcxupQ,37.17526059088221
UC1JDIWa7ydNkrTqJU98Qz9g,UC25TYOUGofAkd1UMaAMa2mg,33.97057550292606
UC1JDIWa7ydNkrTqJU98Qz9g,UC3-Ex-f951g2vMw3QNR1lfw,46.98936049788292
UC1JDIWa7ydNkrTqJU98Qz9g,UC3EeTdqeuZLcG7CReLi1Dvw,45.68369512200168
UC1JDIWa7ydNkrTqJU98Qz9g,UC3QNa7kEJA99Eth6vJT_7bg,38.62641583165593
UC1JDIWa7ydNkrTqJU98Qz9g,UC3kBEVpVAwlJ14LOnCadFYQ,36.40054944640259
UC1JDIWa7ydNkrTqJU98Qz9g,UC443g47bJjk9fhUUEPxYJ_g,39.786932528155525
UC1JDIWa7ydNkrTqJU98Qz9g,UC4E9bYQ3V6QAYDgA-GlTQuw,34.84250278036869
UC1JDIWa7ydNkrTqJU98Qz9g,UC4EHkIHXxaSBlDpu0no7uvQ,36.75595189897821
UC1JDIWa7ydNkrTqJU98Qz9g,UC4RjJRD0iCHz2IfFXGIMuGA,50.41825066382212
UC1JDIWa7ydNkrTqJU98Qz9g,UC4bo_U28B-w3G-A0KkvdgbQ,36.565010597564445
UC1JDIWa7ydNkrTqJU98Qz9g,UC4cB4tChK474PAEhUng-uAg,34.23448553724738
UC1JDIWa7ydNkrTqJU98Qz9g,UC4j_IUak80HyK2t5ihzk9yA,43.497126341863094
UC1JDIWa7ydNkrTqJU98Qz9g,UC5CzLk5UPG-yR9V1utLoiPA,44.63182720884279
UC1JDIWa7ydNkrTqJU98Qz9g,UC5EBhVzE3pN3SQpM_8dBtKg,36.27671429443411
UC1JDIWa7ydNkrTqJU98Qz9g,UC5vDV47DxCtkubXzyA4DvpA,35.09985754956849
UC1JDIWa7ydNkrTqJU98Qz9g,UC6hrh8ghfA9YQfXR2avigfg,33.63034344160047
UC1JDIWa7ydNkrTqJU98Qz9g,UC6tYCyAG-TztXsWDYFf9ZDg,34.68429039204925
UC1JDIWa7ydNkrTqJU98Qz9g,UC703mZ0bKgm-tHzI_gMfS7Q,38.1051177665153
UC1JDIWa7ydNkrTqJU98Qz9g,UC74e4m0Vs8egJvUj6LtDG-g,36.24913792078372
UC1JDIWa7ydNkrTqJU98Qz9g,UC75xsrq_uBocvYIXyLY4_iA,36.66060555964672
UC1JDIWa7ydNkrTqJU98Qz9g,UC7P6ltVQKDGQ3j3b57iuWRQ,33.67491648096547
UC1JDIWa7ydNkrTqJU98Qz9g,UC7dpiVH0l8O2yAQx7rTLMnA,33.645207682521445
UC1JDIWa7ydNkrTqJU98Qz9g,UC7vhLT-Lc47db1xsOFM6gTw,36.40054944640259
UC1JDIWa7ydNkrTqJU98Qz9g,UC88_jOaLuvhMX450UJD6DBg,37.429934544425805
UC1JDIWa7ydNkrTqJU98Qz9g,UC89S9LRZ8hog0TMFp5T-PTA,34.813790371058424
UC1JDIWa7ydNkrTqJU98Qz9g,UC8MNZvGwlAtCCF0TmN2A0dA,33.1058907144937
UC1JDIWa7ydNkrTqJU98Qz9g,UC8xz1NJSEUzVlGyYwIjF8Tw,33.734255586866
UC1JDIWa7ydNkrTqJU98Qz9g,UC9CfJhTyDIBAISF-gNx6uxQ,34.785054261852174
UC1JDIWa7ydNkrTqJU98Qz9g,UC9LpevInLWcm9uRjM8qc_WQ,33.49626844888845
UC1JDIWa7ydNkrTqJU98Qz9g,UC9P6TQeN1UuznA4AZiTQwKw,41.79712908801273
UC1JDIWa7ydNkrTqJU98Qz9g,UC9lAv7HY7o6PRxo4gfu9xhA,34.20526275297414
UC1JDIWa7ydNkrTqJU98Qz9g,UCA2fnB98pIGQO3GIYKHuDPQ,39.16631205513228
UC1JDIWa7ydNkrTqJU98Qz9g,UCAJy65bqVik-EdvwT0p89Hg,34.539832078341085
UC1JDIWa7ydNkrTqJU98Qz9g,UCANEa40tf38ZWxxynRPXCMg,35.58089374931439
UC1JDIWa7ydNkrTqJU98Qz9g,UCAQ8CFfCCmwItdNUFkdkS-A,39.03844259188627
UC1JDIWa7ydNkrTqJU98Qz9g,UCAdbQGAhzEQ5Vh1wojL8DDA,44.22668877499196
UC1JDIWa7ydNkrTqJU98Qz9g,UCAqHM4W0LBTwPmUMEJC9XmQ,35.86084215408221
UC1JDIWa7ydNkrTqJU98Qz9g,UCBM-yQUDLXRHll83QSd5C4w,35.298725189445584
UC1PPF-cSCAgdmApk1t7Wung,UC1hqzN6WWy_qNXDZAVk5EEw,32.0624390837628
UC1PPF-cSCAgdmApk1t7Wung,UC1iw3TmZsFamKz7YpPh1Wig,31.591137997862628
UC1PPF-cSCAgdmApk1t7Wung,UC1rrVrDilPXH43jt2IOUN5Q,37.54996671103717
UC1PPF-cSCAgdmApk1t7Wung,UC1ru5NEMMr6n1HyL_o_a7oQ,33.301651610693426
UC1PPF-cSCAgdmApk1t7Wung,UC2-uN8P8V-e25jTzfIcxupQ,35.874782229304195
UC1PPF-cSCAgdmApk1t7Wung,UC25TYOUGofAkd1UMaAMa2mg,32.48076353782343
UC1PPF-cSCAgdmApk1t7Wung,UC3-Ex-f951g2vMw3QNR1lfw,45.617978911828175
UC1PPF-cSCAgdmApk1t7Wung,UC3EeTdqeuZLcG7CReLi1Dvw,44.63182720884279
UC1PPF-cSCAgdmApk1t7Wung,UC3QNa7kEJA99Eth6vJT_7bg,37.21558813185679
UC1PPF-cSCAgdmApk1t7Wung,UC3kBEVpVAwlJ14LOnCadFYQ,34.95711658589707
UC1PPF-cSCAgdmApk1t7Wung,UC443g47bJjk9fhUUEPxYJ_g,38.36665218650175
UC1PPF-cSCAgdmApk1t7Wung,UC4E9bYQ3V6QAYDgA-GlTQuw,33.15116890850155
UC1PPF-cSCAgdmApk1t7Wung,UC4EHkIHXxaSBlDpu0no7uvQ,35.4964786985977
UC1PPF-cSCAgdmApk1t7Wung,UC4RjJRD0iCHz2IfFXGIMuGA,49.56813492557492
UC1PPF-cSCAgdmApk1t7Wung,UC4bo_U28B-w3G-A0KkvdgbQ,35.07135583350036
UC1PPF-cSCAgdmApk1t7Wung,UC4cB4tChK474PAEhUng-uAg,32.87856444554719
UC1PPF-cSCAgdmApk1t7Wung,UC4j_IUak80HyK2t5ihzk9yA,42.20189569201838
UC1PPF-cSCAgdmApk1t7Wung,UC5CzLk5UPG-yR9V1utLoiPA,43.62338822237447
UC1PPF-cSCAgdmApk1t7Wung,UC5EBhVzE3pN3SQpM_8dBtKg,35.17101079013795
UC1PPF-cSCAgdmApk1t7Wung,UC5vDV47DxCtkubXzyA4DvpA,33.51119216023208
UC1PPF-cSCAgdmApk1t7Wung,UC6hrh8ghfA9YQfXR2avigfg,32.18695387886216
UC1PPF-cSCAgdmApk1t7Wung,UC6tYCyAG-TztXsWDYFf9ZDg,33.13608305156178
UC1PPF-cSCAgdmApk1t7Wung,UC703mZ0bKgm-tHzI_gMfS7Q,36.810324638611924
UC1PPF-cSCAgdmApk1t7Wung,UC74e4m0Vs8egJvUj6LtDG-g,34.828149534535996
UC1PPF-cSCAgdmApk1t7Wung,UC75xsrq_uBocvYIXyLY4_iA,35.25620512760839
UC1PPF-cSCAgdmApk1t7Wung,UC7P6ltVQKDGQ3j3b57iuWRQ,32.2335229225724
UC1PPF-cSCAgdmApk1t7Wung,UC7dpiVH0l8O2yAQx7rTLMnA,32.01562118716424
UC1PPF-cSCAgdmApk1t7Wung,UC7vhLT-Lc47db1xsOFM6gTw,35.04283093587046
UC1PPF-cSCAgdmApk1t7Wung,UC88_jOaLuvhMX450UJD6DBg,36.22154055254967
UC1PPF-cSCAgdmApk1t7Wung,UC89S9LRZ8hog0TMFp5T-PTA,33.60059523282288
UC1PPF-cSCAgdmApk1t7Wung,UC8MNZvGwlAtCCF0TmN2A0dA,31.606961258558215
UC1PPF-cSCAgdmApk1t7Wung,UC8xz1NJSEUzVlGyYwIjF8Tw,32.41913015489465
UC1PPF-cSCAgdmApk1t7Wung,UC9CfJhTyDIBAISF-gNx6uxQ,33.391615714128
UC1PPF-cSCAgdmApk1t7Wung,UC9LpevInLWcm9uRjM8qc_WQ,31.984371183438952
UC1PPF-cSCAgdmApk1t7Wung,UC9P6TQeN1UuznA4AZiTQwKw,40.66939881532551
UC1PPF-cSCAgdmApk1t7Wung,UC9lAv7HY7o6PRxo4gfu9xhA,32.7566787083184
UC1PPF-cSCAgdmApk1t7Wung,UCA2fnB98pIGQO3GIYKHuDPQ,38.06573262134856
UC1PPF-cSCAgdmApk1t7Wung,UCAJy65bqVik-EdvwT0p89Hg,33.436506994600975
UC1PPF-cSCAgdmApk1t7Wung,UCANEa40tf38ZWxxynRPXCMg,34.219877264537345
UC1PPF-cSCAgdmApk1t7Wung,UCAQ8CFfCCmwItdNUFkdkS-A,37.749172176353746
UC1PPF-cSCAgdmApk1t7Wung,UCAdbQGAhzEQ5Vh1wojL8DDA,42.9767378938886
UC1PPF-cSCAgdmApk1t7Wung,UCAqHM4W0LBTwPmUMEJC9XmQ,34.539832078341085
UC1PPF-cSCAgdmApk1t7Wung,UCBM-yQUDLXRHll83QSd5C4w,33.95585369269929
UC1hqzN6WWy_qNXDZAVk5EEw,UC1iw3TmZsFamKz7YpPh1Wig,32.03123475609393
UC1hqzN6WWy_qNXDZAVk5EEw,UC1rrVrDilPXH43jt2IOUN5Q,37.92097045171708
UC1hqzN6WWy_qNXDZAVk5EEw,UC1ru5NEMMr6n1HyL_o_a7oQ,33.51119216023208
UC1hqzN6WWy_qNXDZAVk5EEw,UC2-uN8P8V-e25jTzfIcxupQ,36.345563690772494
UC1hqzN6WWy_qNXDZAVk5EEw,UC25TYOUGofAkd1UMaAMa2mg,33.03028912982749
UC1hqzN6WWy_qNXDZAVk5EEw,UC3-Ex-f951g2vMw3QNR1lfw,46.07602413403309
UC1hqzN6WWy_qNXDZAVk5EEw,UC3EeTdqeuZLcG7CReLi1Dvw,45.077710678338576
UC1hqzN6WWy_qNXDZAVk5EEw,UC3QNa7kEJA99Eth6vJT_7bg,37.77565353504821
UC1hqzN6WWy_qNXDZAVk5EEw,UC3kBEVpVAwlJ14LOnCadFYQ,35.4964786985977
UC1hqzN6WWy_qNXDZAVk5EEw,UC443g47bJjk9fhUUEPxYJ_g,38.91015291668744
UC1hqzN6WWy_qNXDZAVk5EEw,UC4E9bYQ3V6QAYDgA-GlTQuw,33.95585369269929
UC1hqzN6WWy_qNXDZAVk5EEw,UC4EHkIHXxaSBlDpu0no7uvQ,35.86084215408221
UC1hqzN6WWy_qNXDZAVk5EEw,UC4RjJRD0iCHz2IfFXGIMuGA,50.06995106848019
UC1hqzN6WWy_qNXDZAVk5EEw,UC4bo_U28B-w3G-A0KkvdgbQ,35.58089374931439
UC1hqzN6WWy_qNXDZAVk5EEw,UC4cB4tChK474PAEhUng-uAg,33.301651610693426
UC1hqzN6WWy_qNXDZAVk5EEw,UC4j_IUak80HyK2t5ihzk9yA,42.67317658670374
UC1hqzN6WWy_qNXDZAVk5EEw,UC5CzLk5UPG-yR9V1utLoiPA,44.01136216933077
UC1hqzN6WWy_qNXDZAVk5EEw,UC5EBhVzE3pN3SQpM_8dBtKg,35.76310948449533
UC1hqzN6WWy_qNXDZAVk5EEw,UC5vDV47DxCtkubXzyA4DvpA,34.19064199455752
UC1hqzN6WWy_qNXDZAVk5EEw,UC6hrh8ghfA9YQfXR2avigfg,32.863353450309965
UC1hqzN6WWy_qNXDZAVk5EEw,UC6tYCyAG-TztXsWDYFf9ZDg,33.823069050575526
UC1hqzN6WWy_qNXDZAVk5EEw,UC703mZ0bKgm-tHzI_gMfS7Q,37.53664875824692
UC1hqzN6WWy_qNXDZAVk5EEw,UC74e4m0Vs8egJvUj6LtDG-g,35.31288716601915
UC1hqzN6WWy_qNXDZAVk5EEw,UC75xsrq_uBocvYIXyLY4_iA,35.874782229304195
UC1hqzN6WWy_qNXDZAVk5EEw,UC7P6ltVQKDGQ3j3b57iuWRQ,32.78719262151
UC1hqzN6WWy_qNXDZAVk5EEw,UC7dpiVH0l8O2yAQx7rTLMnA,32.57299494980466
UC1hqzN6WWy_qNXDZAVk5EEw,UC7vhLT-Lc47db1xsOFM6gTw,35.58089374931439
UC1hqzN6WWy_qNXDZAVk5EEw,UC88_jOaLuvhMX450UJD6DBg,36.60601043544625
UC1hqzN6WWy_qNXDZAVk5EEw,UC89S9LRZ8hog0TMFp5T-PTA,33.95585369269929
UC1hqzN6WWy_qNXDZAVk5EEw,UC8MNZvGwlAtCCF0TmN2A0dA,32.29551052391029
UC1hqzN6WWy_qNXDZAVk5EEw,UC8xz1NJSEUzVlGyYwIjF8Tw,33.03028912982749
UC1hqzN6WWy_qNXDZAVk5EEw,UC9CfJhTyDIBAISF-gNx6uxQ,34.044089061098404
UC1hqzN6WWy_qNXDZAVk5EEw,UC9LpevInLWcm9uRjM8qc_WQ,32.449961479175904
UC1hqzN6WWy_qNXDZAVk5EEw,UC9P6TQeN1UuznA4AZiTQwKw,41.15823125451335
UC1hqzN6WWy_qNXDZAVk5EEw,UC9lAv7HY7o6PRxo4gfu9xhA,33.03028912982749
UC1hqzN6WWy_qNXDZAVk5EEw,UCA2fnB98pIGQO3GIYKHuDPQ,38.27531841800928
UC1hqzN6WWy_qNXDZAVk5EEw,UCAJy65bqVik-EdvwT0p89Hg,33.793490497431605
UC1hqzN6WWy_qNXDZAVk5EEw,UCANEa40tf38ZWxxynRPXCMg,34.48187929913333
UC1hqzN6WWy_qNXDZAVk5EEw,UCAQ8CFfCCmwItdNUFkdkS-A,38.22302970723278
UC1hqzN6WWy_qNXDZAVk5EEw,UCAdbQGAhzEQ5Vh1wojL8DDA,43.0
UC1hqzN6WWy_qNXDZAVk5EEw,UCAqHM4W0LBTwPmUMEJC9XmQ,35.08560958569767
UC1hqzN6WWy_qNXDZAVk5EEw,UCBM-yQUDLXRHll83QSd5C4w,34.48187929913333
UC1iw3TmZsFamKz7YpPh1Wig,UC1rrVrDilPXH43jt2IOUN5Q,37.656340767525464
UC1iw3TmZsFamKz7YpPh1Wig,UC1ru5NEMMr6n1HyL_o_a7oQ,33.18132004607411
UC1iw3TmZsFamKz7YpPh1Wig,UC2-uN8P8V-e25jTzfIcxupQ,35.84689665786984
UC1iw3TmZsFamKz7YpPh1Wig,UC25TYOUGofAkd1UMaAMa2mg,32.449961479175904
UC1iw3TmZsFamKz7YpPh1Wig,UC3-Ex-f951g2vMw3QNR1lfw,45.858477951192405
UC1iw3TmZsFamKz7YpPh1Wig,UC3EeTdqeuZLcG7CReLi1Dvw,44.654227123532216
UC1iw3TmZsFamKz7YpPh1Wig,UC3QNa7kEJA99Eth6vJT_7bg,37.376463182061514
UC1iw3TmZsFamKz7YpPh1Wig,UC3kBEVpVAwlJ14LOnCadFYQ,34.899856733230294
UC1iw3TmZsFamKz7YpPh1Wig,UC443g47bJjk9fhUUEPxYJ_g,38.52272056851645
UC1iw3TmZsFamKz7YpPh1Wig,UC4E9bYQ3V6QAYDgA-GlTQuw,33.391615714128
UC1iw3TmZsFamKz7YpPh1Wig,UC4EHkIHXxaSBlDpu0no7uvQ,35.4682957019364
UC1iw3TmZsFamKz7YpPh1Wig,UC4RjJRD0iCHz2IfFXGIMuGA,49.66890375275057
UC1iw3TmZsFamKz7YpPh1Wig,UC4bo_U28B-w3G-A0KkvdgbQ,35.185224171518364
UC1iw3TmZsFamKz7YpPh1Wig,UC4cB4tChK474PAEhUng-uAg,32.817678162843876
UC1iw3TmZsFamKz7YpPh1Wig,UC4j_IUak80HyK2t5ihzk9yA,42.01190307520001
UC1iw3TmZsFamKz7YpPh1Wig,UC5CzLk5UPG-yR9V1utLoiPA,43.69210454990696
UC1iw3TmZsFamKz7YpPh1Wig,UC5EBhVzE3pN3SQpM_8dBtKg,35.11409973215888
UC1iw3TmZsFamKz7YpPh1Wig,UC5vDV47DxCtkubXzyA4DvpA,33.63034344160047
UC1iw3TmZsFamKz7YpPh1Wig,UC6hrh8ghfA9YQfXR2avigfg,32.341923257592455
UC1iw3TmZsFamKz7YpPh1Wig,UC6tYCyAG-TztXsWDYFf9ZDg,33.166247903554
UC1iw3TmZsFamKz7YpPh1Wig,UC703mZ0bKgm-tHzI_gMfS7Q,36.89173349139343
UC1iw3TmZsFamKz7YpPh1Wig,UC74e4m0Vs8egJvUj6LtDG-g,34.828149534535996
UC1iw3TmZsFamKz7YpPh1Wig,UC75xsrq_uBocvYIXyLY4_iA,35.08560958569767
UC1iw3TmZsFamKz7YpPh1Wig,UC7P6ltVQKDGQ3j3b57iuWRQ,32.2335229225724
UC1iw3TmZsFamKz7YpPh1Wig,UC7dpiVH0l8O2yAQx7rTLMnA,31.921779399024736
UC1iw3TmZsFamKz7YpPh1Wig,UC7vhLT-Lc47db1xsOFM6gTw,35.185224171518364
UC1iw3TmZsFamKz7YpPh1Wig,UC88_jOaLuvhMX450UJD6DBg,36.11094017053558
UC1iw3TmZsFamKz7YpPh1Wig,UC89S9LRZ8hog0TMFp5T-PTA,33.421549934136806
UC1iw3TmZsFamKz7YpPh1Wig,UC8MNZvGwlAtCCF0TmN2A0dA,31.63858403911275
UC1iw3TmZsFamKz7YpPh1Wig,UC8xz1NJSEUzVlGyYwIjF8Tw,32.48076353782343
UC1iw3TmZsFamKz7YpPh1Wig,UC9CfJhTyDIBAISF-gNx6uxQ,33.51119216023208
UC1iw3TmZsFamKz7YpPh1Wig,UC9LpevInLWcm9uRjM8qc_WQ,31.89043743820395
UC1iw3TmZsFamKz7YpPh1Wig,UC9P6TQeN1UuznA4AZiTQwKw,40.620192023179804
UC1iw3TmZsFamKz7YpPh1Wig,UC9lAv7HY7o6PRxo4gfu9xhA,32.60368077380221
UC1iw3TmZsFamKz7YpPh1Wig,UCA2fnB98pIGQO3GIYKHuDPQ,38.06573262134856
UC1iw3TmZsFamKz7YpPh1Wig,UCAJy65bqVik-EdvwT0p89Hg,33.1058907144937
UC1iw3TmZsFamKz7YpPh1Wig,UCANEa40tf38ZWxxynRPXCMg,34.27827300200522
UC1iw3TmZsFamKz7YpPh1Wig,UCAQ8CFfCCmwItdNUFkdkS-A,37.82856063875548
UC1iw3TmZsFamKz7YpPh1Wig,UCAdbQGAhzEQ5Vh1wojL8DDA,43.09292285283048
UC1iw3TmZsFamKz7YpPh1Wig,UCAqHM4W0LBTwPmUMEJC9XmQ,34.48187929913333
UC1iw3TmZsFamKz7YpPh1Wig,UCBM-yQUDLXRHll83QSd5C4w,33.926390907374746
UC1rrVrDilPXH43jt2IOUN5Q,UC1ru5NEMMr6n1HyL_o_a7oQ,39.02563260217571
UC1rrVrDilPXH43jt2IOUN5Q,UC2-uN8P8V-e25jTzfIcxupQ,41.048751503547585
UC1rrVrDilPXH43jt2IOUN5Q,UC25TYOUGofAkd1UMaAMa2mg,38.118237105091836
UC1rrVrDilPXH43jt2IOUN5Q,UC3-Ex-f951g2vMw3QNR1lfw,49.80963762164909
UC1rrVrDilPXH43jt2IOUN5Q,UC3EeTdqeuZLcG7CReLi1Dvw,48.92851929090027
UC1rrVrDilPXH43jt2IOUN5Q,UC3QNa7kEJA99Eth6vJT_7bg,42.2965719651132
UC1rrVrDilPXH43jt2IOUN5Q,UC3kBEVpVAwlJ14LOnCadFYQ,40.422765862815474
UC1rrVrDilPXH43jt2IOUN5Q,UC443g47bJjk9fhUUEPxYJ_g,43.497126341863094
UC1rrVrDilPXH43jt2IOUN5Q,UC4E9bYQ3V6QAYDgA-GlTQuw,38.87158345115362
UC1rrVrDilPXH43jt2IOUN5Q,UC4EHkIHXxaSBlDpu0no7uvQ,40.93897898091744
UC1rrVrDilPXH43jt2IOUN5Q,UC4RjJRD0iCHz2IfFXGIMuGA,53.150729063673246
UC1rrVrDilPXH43jt2IOUN5Q,UC4bo_U28B-w3G-A0KkvdgbQ,40.422765862815474
UC1rrVrDilPXH43jt2IOUN5Q,UC4cB4tChK474PAEhUng-uAg,38.40572873934304
UC1rrVrDilPXH43jt2IOUN5Q,UC4j_IUak80HyK2t5ihzk9yA,46.8081189538738
UC1rrVrDilPXH43jt2IOUN5Q,UC5CzLk5UPG-yR9V1utLoiPA,47.989582202807306
UC1rrVrDilPXH43jt2IOUN5Q,UC5EBhVzE3pN3SQpM_8dBtKg,40.58324777540605
UC1rrVrDilPXH43jt2IOUN5Q,UC5vDV47DxCtkubXzyA4DvpA,39.25557285278104
UC1rrVrDilPXH43jt2IOUN5Q,UC6hrh8ghfA9YQfXR2avigfg,38.02630668366309
UC1rrVrDilPXH43jt2IOUN5Q,UC6tYCyAG-TztXsWDYFf9ZDg,39.03844259188627
UC1rrVrDilPXH43jt2IOUN5Q,UC703mZ0bKgm-tHzI_gMfS7Q,41.72529209005013
UC1rrVrDilPXH43jt2IOUN5Q,UC74e4m0Vs8egJvUj6LtDG-g,40.28647415696737
UC1rrVrDilPXH43jt2IOUN5Q,UC75xsrq_uBocvYIXyLY4_iA,40.7308237088326
UC1rrVrDilPXH43jt2IOUN5Q,UC7P6ltVQKDGQ3j3b57iuWRQ,38.17066936798463
UC1rrVrDilPXH43jt2IOUN5Q,UC7dpiVH0l8O2yAQx7rTLMnA,38.06573262134856
UC1rrVrDilPXH43jt2IOUN5Q,UC7vhLT-Lc47db1xsOFM6gTw,40.47221268969612
UC1rrVrDilPXH43jt2IOUN5Q,UC88_jOaLuvhMX450UJD6DBg,41.10960958218893
UC1rrVrDilPXH43jt2IOUN5Q,UC89S9LRZ8hog0TMFp5T-PTA,38.897300677553446
UC1rrVrDilPXH43jt2IOUN5Q,UC8MNZvGwlAtCCF0TmN2A0dA,37.48332962798263
UC1rrVrDilPXH43jt2IOUN5Q,UC8xz1NJSEUzVlGyYwIjF8Tw,38.27531841800928
UC1rrVrDilPXH43jt2IOUN5Q,UC9CfJhTyDIBAISF-gNx6uxQ,39.1279950930277
UC1rrVrDilPXH43jt2IOUN5Q,UC9LpevInLWcm9uRjM8qc_WQ,38.118237105091836
UC1rrVrDilPXH43jt2IOUN5Q,UC9P6TQeN1UuznA4AZiTQwKw,45.34313619501854
UC1rrVrDilPXH43jt2IOUN5Q,UC9lAv7HY7o6PRxo4gfu9xhA,38.535697735995385
UC1rrVrDilPXH43jt2IOUN5Q,UCA2fnB98pIGQO3GIYKHuDPQ,43.02324952859791
UC1rrVrDilPXH43jt2IOUN5Q,UCAJy65bqVik-EdvwT0p89Hg,39.03844259188627
UC1rrVrDilPXH43jt2IOUN5Q,UCANEa40tf38ZWxxynRPXCMg,39.63584236521283
UC1rrVrDilPXH43jt2IOUN5Q,UCAQ8CFfCCmwItdNUFkdkS-A,42.76680956068619
UC1rrVrDilPXH43jt2IOUN5Q,UCAdbQGAhzEQ5Vh1wojL8DDA,47.23346271447817
UC1rrVrDilPXH43jt2IOUN5Q,UCAqHM4W0LBTwPmUMEJC9XmQ,40.23679907746142
UC1rrVrDilPXH43jt2IOUN5Q,UCBM-yQUDLXRHll83QSd5C4w,39.56008088970496
UC1ru5NEMMr6n1HyL_o_a7oQ,UC2-uN8P8V-e25jTzfIcxupQ,37.282703764614496
UC1ru5NEMMr6n1HyL_o_a7oQ,UC25TYOUGofAkd1UMaAMa2mg,34.26368339802363
UC1ru5NEMMr6n1HyL_o_a7oQ,UC3-Ex-f951g2vMw3QNR1lfw,47.11687595755899
UC1ru5NEMMr6n1HyL_o_a7oQ,UC3EeTdqeuZLcG7CReLi1Dvw,45.81484475582123
UC1ru5NEMMr6n1HyL_o_a7oQ,UC3QNa7kEJA99Eth6vJT_7bg,38.88444419044716
UC1ru5NEMMr6n1HyL_o_a7oQ,UC3kBEVpVAwlJ14LOnCadFYQ,36.26292872893749
UC1ru5NEMMr6n1HyL_o_a7oQ,UC443g47bJjk9fhUUEPxYJ_g,40.0374824383352
UC1ru5NEMMr6n1HyL_o_a7oQ,UC4E9bYQ3V6QAYDgA-GlTQuw,35.04283093587046
UC1ru5NEMMr6n1HyL_o_a7oQ,UC4EHkIHXxaSBlDpu0no7uvQ,37.080992435478315
UC1ru5NEMMr6n1HyL_o_a7oQ,UC4RjJRD0iCHz2IfFXGIMuGA,50.950956811427986
UC1ru5NEMMr6n1HyL_o_a7oQ,UC4bo_U28B-w3G-A0KkvdgbQ,36.61966684720111
UC1ru5NEMMr6n1HyL_o_a7oQ,UC4cB4tChK474PAEhUng-uAg,34.64101615137755
UC1ru5NEMMr6n1HyL_o_a7oQ,UC4j_IUak80HyK2t5ihzk9yA,43.54308211415448
UC1ru5NEMMr6n1HyL_o_a7oQ,UC5CzLk5UPG-yR9V1utLoiPA,44.98888751680797
UC1ru5NEMMr6n1HyL_o_a7oQ,UC5EBhVzE3pN3SQpM_8dBtKg,36.66060555964672
UC1ru5NEMMr6n1HyL_o_a7oQ,UC5vDV47DxCtkubXzyA4DvpA,35.4400902933387
UC1ru5NEMMr6n1HyL_o_a7oQ,UC6hrh8ghfA9YQfXR2avigfg,34.0147027033899
UC1ru5NEMMr6n1HyL_o_a7oQ,UC6tYCyAG-TztXsWDYFf9ZDg,34.741905532080416
UC1ru5NEMMr6n1HyL_o_a7oQ,UC703mZ0bKgm-tHzI_gMfS7Q,38.44476557348217
UC1ru5NEMMr6n1HyL_o_a7oQ,UC74e4m0Vs8egJvUj6LtDG-g,36.38681079732051
UC1ru5NEMMr6n1HyL_o_a7oQ,UC75xsrq_uBocvYIXyLY4_iA,36.742346141747674
UC1ru5NEMMr6n1HyL_o_a7oQ,UC7P6ltVQKDGQ3j3b57iuWRQ,33.704599092705436
UC1ru5NEMMr6n1HyL_o_a7oQ,UC7dpiVH0l8O2yAQx7rTLMnA,33.91164991562634
UC1ru5NEMMr6n1HyL_o_a7oQ,UC7vhLT-Lc47db1xsOFM6gTw,36.59234892706397
UC1ru5NEMMr6n1HyL_o_a7oQ,UC88_jOaLuvhMX450UJD6DBg,37.72267222772003
UC1ru5NEMMr6n1HyL_o_a7oQ,UC89S9LRZ8hog0TMFp5T-PTA,35.270384177096794
UC1ru5NEMMr6n1HyL_o_a7oQ,UC8MNZvGwlAtCCF0TmN2A0dA,33.166247903554
UC1ru5NEMMr6n1HyL_o_a7oQ,UC8xz1NJSEUzVlGyYwIjF8Tw,34.23448553724738
UC1ru5NEMMr6n1HyL_o_a7oQ,UC9CfJhTyDIBAISF-gNx6uxQ,34.899856733230294
UC1ru5NEMMr6n1HyL_o_a7oQ,UC9LpevInLWcm9uRjM8qc_WQ,33.734255586866
UC1ru5NEMMr6n1HyL_o_a7oQ,UC9P6TQeN1UuznA4AZiTQwKw,41.82104733265297
UC1ru5NEMMr6n1HyL_o_a7oQ,UC9lAv7HY7o6PRxo4gfu9xhA,34.058772731852805
UC1ru5NEMMr6n1HyL_o_a7oQ,UCA2fnB98pIGQO3GIYKHuDPQ,39.59797974644666
UC1ru5NEMMr6n1HyL_o_a7oQ,UCAJy65bqVik-EdvwT0p89Hg,35.14256678161116
UC1ru5NEMMr6n1HyL_o_a7oQ,UCANEa40tf38ZWxxynRPXCMg,35.63705936241092
UC1ru5NEMMr6n1HyL_o_a7oQ,UCAQ8CFfCCmwItdNUFkdkS-A,39.319206502675
UC1ru5NEMMr6n1HyL_o_a7oQ,UCAdbQGAhzEQ5Vh1wojL8DDA,44.24929377967517
UC1ru5NEMMr6n1HyL_o_a7oQ,UCAqHM4W0LBTwPmUMEJC9XmQ,36.22154055254967
UC1ru5NEMMr6n1HyL_o_a7oQ,UCBM-yQUDLXRHll83QSd5C4w,35.63705936241092
UC2-uN8P8V-e25jTzfIcxupQ,UC25TYOUGofAkd1UMaAMa2mg,36.55133376499413
UC2-uN8P8V-e25jTzfIcxupQ,UC3-Ex-f951g2vMw3QNR1lfw,48.908077042549934
UC2-uN8P8V-e25jTzfIcxupQ,UC3EeTdqeuZLcG7CReLi1Dvw,47.78074926160116
UC2-uN8P8V-e25jTzfIcxupQ,UC3QNa7kEJA99Eth6vJT_7bg,40.963398296528084
UC2-uN8P8V-e25jTzfIcxupQ,UC3kBEVpVAwlJ14LOnCadFYQ,38.742741255621034
UC2-uN8P8V-e25jTzfIcxupQ,UC443g47bJjk9fhUUEPxYJ_g,41.96427051671457
UC2-uN8P8V-e25jTzfIcxupQ,UC4E9bYQ3V6QAYDgA-GlTQuw,37.12142238654117
UC2-uN8P8V-e25jTzfIcxupQ,UC4EHkIHXxaSBlDpu0no7uvQ,39.382737335030434
UC2-uN8P8V-e25jTzfIcxupQ,UC4RjJRD0iCHz2IfFXGIMuGA,52.421369688324624
UC2-uN8P8V-e25jTzfIcxupQ,UC4bo_U28B-w3G-A0KkvdgbQ,38.87158345115362
UC2-uN8P8V-e25jTzfIcxupQ,UC4cB4tChK474PAEhUng-uAg,36.76955262170047
UC2-uN8P8V-e25jTzfIcxupQ,UC4j_IUak80HyK2t5ihzk9yA,45.45327270945405
UC2-uN8P8V-e25jTzfIcxupQ,UC5CzLk5UPG-yR9V1utLoiPA,46.62617290749907
UC2-uN8P8V-e25jTzfIcxupQ,UC5EBhVzE3pN3SQpM_8dBtKg,38.93584466786357
UC2-uN8P8V-e25jTzfIcxupQ,UC5vDV47DxCtkubXzyA4DvpA,37.70941526992961
UC2-uN8P8V-e25jTzfIcxupQ,UC6hrh8ghfA9YQfXR2avigfg,36.29049462324811
UC2-uN8P8V-e25jTzfIcxupQ,UC6tYCyAG-TztXsWDYFf9ZDg,37.3496987939662
UC2-uN8P8V-e25jTzfIcxupQ,UC703mZ0bKgm-tHzI_gMfS7Q,40.22437072223753
UC2-uN8P8V-e25jTzfIcxupQ,UC74e4m0Vs8egJvUj6LtDG-g,38.72983346207417
UC2-uN8P8V-e25jTzfIcxupQ,UC75xsrq_uBocvYIXyLY4_iA,39.01281840626232
UC2-uN8P8V-e25jTzfIcxupQ,UC7P6ltVQKDGQ3j3b57iuWRQ,36.46916505762094
UC2-uN8P8V-e25jTzfIcxupQ,UC7dpiVH0l8O2yAQx7rTLMnA,36.193922141707716
UC2-uN8P8V-e25jTzfIcxupQ,UC7vhLT-Lc47db1xsOFM6gTw,38.92300091205713
UC2-uN8P8V-e25jTzfIcxupQ,UC88_jOaLuvhMX450UJD6DBg,39.81205847478876
UC2-uN8P8V-e25jTzfIcxupQ,UC89S9LRZ8hog0TMFp5T-PTA,37.36308338453881
UC2-uN8P8V-e25jTzfIcxupQ,UC8MNZvGwlAtCCF0TmN2A0dA,35.6931365951495
UC2-uN8P8V-e25jTzfIcxupQ,UC8xz1NJSEUzVlGyYwIjF8Tw,36.55133376499413
UC2-uN8P8V-e25jTzfIcxupQ,UC9CfJhTyDIBAISF-gNx6uxQ,37.52332607858744
UC2-uN8P8V-e25jTzfIcxupQ,UC9LpevInLWcm9uRjM8qc_WQ,35.888716889852724
UC2-uN8P8V-e25jTzfIcxupQ,UC9P6TQeN1UuznA4AZiTQwKw,43.829214001622255
UC2-uN8P8V-e25jTzfIcxupQ,UC9lAv7HY7o6PRxo4gfu9xhA,36.796738985948195
UC2-uN8P8V-e25jTzfIcxupQ,UCA2fnB98pIGQO3GIYKHuDPQ,41.617304093369626
UC2-uN8P8V-e25jTzfIcxupQ,UCAJy65bqVik-EdvwT0p89Hg,37.48332962798263
UC2-uN8P8V-e25jTzfIcxupQ,UCANEa40tf38ZWxxynRPXCMg,38.262252939417984
UC2-uN8P8V-e25jTzfIcxupQ,UCAQ8CFfCCmwItdNUFkdkS-A,41.20679555607303
UC2-uN8P8V-e25jTzfIcxupQ,UCAdbQGAhzEQ5Vh1wojL8DDA,46.195237849804386
UC2-uN8P8V-e25jTzfIcxupQ,UCAqHM4W0LBTwPmUMEJC9XmQ,38.41874542459709
UC2-uN8P8V-e25jTzfIcxupQ,UCBM-yQUDLXRHll83QSd5C4w,37.89459064299283
UC25TYOUGofAkd1UMaAMa2mg,UC3-Ex-f951g2vMw3QNR1lfw,46.389654018972806
UC25TYOUGofAkd1UMaAMa2mg,UC3EeTdqeuZLcG7CReLi1Dvw,45.37620521815371
UC25TYOUGofAkd1UMaAMa2mg,UC3QNa7kEJA99Eth6vJT_7bg,38.0
UC25TYOUGofAkd1UMaAMa2mg,UC3kBEVpVAwlJ14LOnCadFYQ,35.874782229304195
UC25TYOUGofAkd1UMaAMa2mg,UC443g47bJjk9fhUUEPxYJ_g,39.179076048319466
UC25TYOUGofAkd1UMaAMa2mg,UC4E9bYQ3V6QAYDgA-GlTQuw,34.058772731852805
UC25TYOUGofAkd1UMaAMa2mg,UC4EHkIHXxaSBlDpu0no7uvQ,36.26292872893749
UC25TYOUGofAkd1UMaAMa2mg,UC4RjJRD0iCHz2IfFXGIMuGA,50.21951811795888
UC25TYOUGofAkd1UMaAMa2mg,UC4bo_U28B-w3G-A0KkvdgbQ,35.93048844644336
UC25TYOUGofAkd1UMaAMa2mg,UC4cB4tChK474PAEhUng-uAg,33.823069050575526
UC25TYOUGofAkd1UMaAMa2mg,UC4j_IUak80HyK2t5ihzk9yA,42.82522621072771
UC25TYOUGofAkd1UMaAMa2mg,UC5CzLk5UPG-yR9V1utLoiPA,44.27188724235731
UC25TYOUGofAkd1UMaAMa2mg,UC5EBhVzE3pN3SQpM_8dBtKg,36.16628264005025
UC25TYOUGofAkd1UMaAMa2mg,UC5vDV47DxCtkubXzyA4DvpA,34.64101615137755
UC25TYOUGofAkd1UMaAMa2mg,UC6hrh8ghfA9YQfXR2avigfg,33.24154027718932
UC25TYOUGofAkd1UMaAMa2mg,UC6tYCyAG-TztXsWDYFf9ZDg,33.95585369269929
UC25TYOUGofAkd1UMaAMa2mg,UC703mZ0bKgm-tHzI_gMfS7Q,37.62977544445356
UC25TYOUGofAkd1UMaAMa2mg,UC74e4m0Vs8egJvUj6LtDG-g,35.749125863438955
UC25TYOUGofAkd1UMaAMa2mg,UC75xsrq_uBocvYIXyLY4_iA,35.832945734337834
UC25TYOUGofAkd1UMaAMa2mg,UC7P6ltVQKDGQ3j3b57iuWRQ,32.89376840679705
UC25TYOUGofAkd1UMaAMa2mg,UC7dpiVH0l8O2yAQx7rTLMnA,32.92415526630866
UC25TYOUGofAkd1UMaAMa2mg,UC7vhLT-Lc47db1xsOFM6gTw,35.84689665786984
UC25TYOUGofAkd1UMaAMa2mg,UC88_jOaLuvhMX450UJD6DBg,36.64696440361739
UC25TYOUGofAkd1UMaAMa2mg,UC89S9LRZ8hog0TMFp5T-PTA,34.351128074635334
UC25TYOUGofAkd1UMaAMa2mg,UC8MNZvGwlAtCCF0TmN2A0dA,32.341923257592455
UC25TYOUGofAkd1UMaAMa2mg,UC8xz1NJSEUzVlGyYwIjF8Tw,33.28663395418648
UC25TYOUGofAkd1UMaAMa2mg,UC9CfJhTyDIBAISF-gNx6uxQ,34.322004603461025
UC25TYOUGofAkd1UMaAMa2mg,UC9LpevInLWcm9uRjM8qc_WQ,32.92415526630866
UC25TYOUGofAkd1UMaAMa2mg,UC9P6TQeN1UuznA4AZiTQwKw,41.291645644125154
UC25TYOUGofAkd1UMaAMa2mg,UC9lAv7HY7o6PRxo4gfu9xhA,33.645207682521445
UC25TYOUGofAkd1UMaAMa2mg,UCA2fnB98pIGQO3GIYKHuDPQ,38.8587184554509
UC25TYOUGofAkd1UMaAMa2mg,UCAJy65bqVik-EdvwT0p89Hg,34.307433596816885
UC25TYOUGofAkd1UMaAMa2mg,UCANEa40tf38ZWxxynRPXCMg,35.04283093587046
UC25TYOUGofAkd1UMaAMa2mg,UCAQ8CFfCCmwItdNUFkdkS-A,38.52272056851645
UC25TYOUGofAkd1UMaAMa2mg,UCAdbQGAhzEQ5Vh1wojL8DDA,43.56604182158393
UC25TYOUGofAkd1UMaAMa2mg,UCAqHM4W0LBTwPmUMEJC9XmQ,35.41186241925155
UC25TYOUGofAkd1UMaAMa2mg,UCBM-yQUDLXRHll83QSd5C4w,34.66987164671943
UC3-Ex-f951g2vMw3QNR1lfw,UC3EeTdqeuZLcG7CReLi1Dvw,55.235857918565905
UC3-Ex-f951g2vMw3QNR1lfw,UC3QNa7kEJA99Eth6vJT_7bg,49.85980344927164
UC3-Ex-f951g2vMw3QNR1lfw,UC3kBEVpVAwlJ14LOnCadFYQ,48.13522618623496
UC3-Ex-f951g2vMw3QNR1lfw,UC443g47bJjk9fhUUEPxYJ_g,50.566787519082126
UC3-Ex-f951g2vMw3QNR1lfw,UC4E9bYQ3V6QAYDgA-GlTQuw,46.604720790924176
UC3-Ex-f951g2vMw3QNR1lfw,UC4EHkIHXxaSBlDpu0no7uvQ,48.394214530251446
UC3-Ex-f951g2vMw3QNR1lfw,UC4RjJRD0iCHz2IfFXGIMuGA,58.9406481131655
UC3-Ex-f951g2vMw3QNR1lfw,UC4bo_U28B-w3G-A0KkvdgbQ,48.28043081829324
UC3-Ex-f951g2vMw3QNR1lfw,UC4cB4tChK474PAEhUng-uAg,46.4327470649756
UC3-Ex-f951g2vMw3QNR1lfw,UC4j_IUak80HyK2t5ihzk9yA,53.51635264103861
UC3-Ex-f951g2vMw3QNR1lfw,UC5CzLk5UPG-yR9V1utLoiPA,54.18486873657626
UC3-Ex-f951g2vMw3QNR1lfw,UC5EBhVzE3pN3SQpM_8dBtKg,48.394214530251446
UC3-Ex-f951g2vMw3QNR1lfw,UC5vDV47DxCtkubXzyA4DvpA,46.92547282660026
UC3-Ex-f951g2vMw3QNR1lfw,UC6hrh8ghfA9YQfXR2avigfg,46.33573135281238
UC3-Ex-f951g2vMw3QNR1lfw,UC6tYCyAG-TztXsWDYFf9ZDg,47.06378650300037
UC3-Ex-f951g2vMw3QNR1lfw,UC703mZ0bKgm-tHzI_gMfS7Q,49.29503017546495
UC3-Ex-f951g2vMw3QNR1lfw,UC74e4m0Vs8egJvUj6LtDG-g,48.062459362791664
UC3-Ex-f951g2vMw3QNR1lfw,UC75xsrq_uBocvYIXyLY4_iA,48.16637831516918
UC3-Ex-f951g2vMw3QNR1lfw,UC7P6ltVQKDGQ3j3b57iuWRQ,46.45427859734774
UC3-Ex-f951g2vMw3QNR1lfw,UC7dpiVH0l8O2yAQx7rTLMnA,45.8475735453906
UC3-Ex-f951g2vMw3QNR1lfw,UC7vhLT-Lc47db1xsOFM6gTw,48.11444689487763
UC3-Ex-f951g2vMw3QNR1lfw,UC88_jOaLuvhMX450UJD6DBg,48.8978527135906
UC3-Ex-f951g2vMw3QNR1lfw,UC89S9LRZ8hog0TMFp5T-PTA,47.07440918375928
UC3-Ex-f951g2vMw3QNR1lfw,UC8MNZvGwlAtCCF0TmN2A0dA,45.67274898667694
UC3-Ex-f951g2vMw3QNR1lfw,UC8xz1NJSEUzVlGyYwIjF8Tw,46.08687448721165
UC3-Ex-f951g2vMw3QNR1lfw,UC9CfJhTyDIBAISF-gNx6uxQ,47.15930449020638
UC3-Ex-f951g2vMw3QNR1lfw,UC9LpevInLWcm9uRjM8qc_WQ,46.32493928760188
UC3-Ex-f951g2vMw3QNR1lfw,UC9P6TQeN1UuznA4AZiTQwKw,52.316345438113316
UC3-Ex-f951g2vMw3QNR1lfw,UC9lAv7HY7o6PRxo4gfu9xhA,46.411205543489174
UC3-Ex-f951g2vMw3QNR1lfw,UCA2fnB98pIGQO3GIYKHuDPQ,50.49752469181039
UC3-Ex-f951g2vMw3QNR1lfw,UCAJy65bqVik-EdvwT0p89Hg,47.02127178203499
UC3-Ex-f951g2vMw3QNR1lfw,UCANEa40tf38ZWxxynRPXCMg,47.58150901348127
UC3-Ex-f951g2vMw3QNR1lfw,UCAQ8CFfCCmwItdNUFkdkS-A,50.05996404313531
UC3-Ex-f951g2vMw3QNR1lfw,UCAdbQGAhzEQ5Vh1wojL8DDA,53.87021440462252
UC3-Ex-f951g2vMw3QNR1lfw,UCAqHM4W0LBTwPmUMEJC9XmQ,47.45524207081869
UC3-Ex-f951g2vMw3QNR1lfw,UCBM-yQUDLXRHll83QSd5C4w,47.43416490252569
UC3EeTdqeuZLcG7CReLi1Dvw,UC3QNa7kEJA99Eth6vJT_7bg,48.85693400122443
UC3EeTdqeuZLcG7CReLi1Dvw,UC3kBEVpVAwlJ14LOnCadFYQ,47.031904065219386
UC3EeTdqeuZLcG7CReLi1Dvw,UC443g47bJjk9fhUUEPxYJ_g,49.678969393496885
UC3EeTdqeuZLcG7CReLi1Dvw,UC4E9bYQ3V6QAYDgA-GlTQuw,45.858477951192405
UC3EeTdqeuZLcG7CReLi1Dvw,UC4EHkIHXxaSBlDpu0no7uvQ,47.49736834815167
UC3EeTdqeuZLcG7CReLi1Dvw,UC4RjJRD0iCHz2IfFXGIMuGA,58.43800133474792
UC3EeTdqeuZLcG7CReLi1Dvw,UC4bo_U28B-w3G-A0KkvdgbQ,46.968074263269514
UC3EeTdqeuZLcG7CReLi1Dvw,UC4cB4tChK474PAEhUng-uAg,45.50824101193101
UC3EeTdqeuZLcG7CReLi1Dvw,UC4j_IUak80HyK2t5ihzk9yA,52.754146756439916
UC3EeTdqeuZLcG7CReLi1Dvw,UC5CzLk5UPG-yR9V1utLoiPA,53.54437412091022
UC3EeTdqeuZLcG7CReLi1Dvw,UC5EBhVzE3pN3SQpM_8dBtKg,47.23346271447817
UC3EeTdqeuZLcG7CReLi1Dvw,UC5vDV47DxCtkubXzyA4DvpA,46.184412955021955
UC3EeTdqeuZLcG7CReLi1Dvw,UC6hrh8ghfA9YQfXR2avigfg,45.14421336118285
UC3EeTdqeuZLcG7CReLi1Dvw,UC6tYCyAG-TztXsWDYFf9ZDg,46.0
UC3EeTdqeuZLcG7CReLi1Dvw,UC703mZ0bKgm-tHzI_gMfS7Q,48.4458460551573
UC3EeTdqeuZLcG7CReLi1Dvw,UC74e4m0Vs8egJvUj6LtDG-g,46.87216658103186
UC3EeTdqeuZLcG7CReLi1Dvw,UC75xsrq_uBocvYIXyLY4_iA,47.148700936505136
UC3EeTdqeuZLcG7CReLi1Dvw,UC7P6ltVQKDGQ3j3b57iuWRQ,45.24378410345447
UC3EeTdqeuZLcG7CReLi1Dvw,UC7dpiVH0l8O2yAQx7rTLMnA,44.86646854834911
UC3EeTdqeuZLcG7CReLi1Dvw,UC7vhLT-Lc47db1xsOFM6gTw,46.79743582719036
UC3EeTdqeuZLcG7CReLi1Dvw,UC88_jOaLuvhMX450UJD6DBg,47.958315233127195
UC3EeTdqeuZLcG7CReLi1Dvw,UC89S9LRZ8hog0TMFp5T-PTA,45.81484475582123
UC3EeTdqeuZLcG7CReLi1Dvw,UC8MNZvGwlAtCCF0TmN2A0dA,44.66542286825459
UC3EeTdqeuZLcG7CReLi1Dvw,UC8xz1NJSEUzVlGyYwIjF8Tw,45.332107826572546
UC3EeTdqeuZLcG7CReLi1Dvw,UC9CfJhTyDIBAISF-gNx6uxQ,45.92385001282014
UC3EeTdqeuZLcG7CReLi1Dvw,UC9LpevInLWcm9uRjM8qc_WQ,44.77722635447622
UC3EeTdqeuZLcG7CReLi1Dvw,UC9P6TQeN1UuznA4AZiTQwKw,51.43928459844674
UC3EeTdqeuZLcG7CReLi1Dvw,UC9lAv7HY7o6PRxo4gfu9xhA,45.332107826572546
UC3EeTdqeuZLcG7CReLi1Dvw,UCA2fnB98pIGQO3GIYKHuDPQ,49.4064773081425
UC3EeTdqeuZLcG7CReLi1Dvw,UCAJy65bqVik-EdvwT0p89Hg,45.89117562233506
UC3EeTdqeuZLcG7CReLi1Dvw,UCANEa40tf38ZWxxynRPXCMg,46.44351407893249
UC3EeTdqeuZLcG7CReLi1Dvw,UCAQ8CFfCCmwItdNUFkdkS-A,48.91829923454004
UC3EeTdqeuZLcG7CReLi1Dvw,UCAdbQGAhzEQ5Vh1wojL8DDA,53.1883445878888
UC3EeTdqeuZLcG7CReLi1Dvw,UCAqHM4W0LBTwPmUMEJC9XmQ,46.850827100489916
UC3EeTdqeuZLcG7CReLi1Dvw,UCBM-yQUDLXRHll83QSd5C4w,46.42197755374064
UC3QNa7kEJA99Eth6vJT_7bg,UC3kBEVpVAwlJ14LOnCadFYQ,40.06245124802026
UC3QNa7kEJA99Eth6vJT_7bg,UC443g47bJjk9fhUUEPxYJ_g,43.18564576337837
UC3QNa7kEJA99Eth6vJT_7bg,UC4E9bYQ3V6QAYDgA-GlTQuw,38.704004960727254
UC3QNa7kEJA99Eth6vJT_7bg,UC4EHkIHXxaSBlDpu0no7uvQ,40.53393639902249
UC3QNa7kEJA99Eth6vJT_7bg,UC4RjJRD0iCHz2IfFXGIMuGA,53.21653878260028
UC3QNa7kEJA99Eth6vJT_7bg,UC4bo_U28B-w3G-A0KkvdgbQ,40.4103947023535
UC3QNa7kEJA99Eth6vJT_7bg,UC4cB4tChK474PAEhUng-uAg,38.18376618407357
UC3QNa7kEJA99Eth6vJT_7bg,UC4j_IUak80HyK2t5ihzk9yA,46.49731175025068
UC3QNa7kEJA99Eth6vJT_7bg,UC5CzLk5UPG-yR9V1utLoiPA,47.83304297240559
UC3QNa7kEJA99Eth6vJT_7bg,UC5EBhVzE3pN3SQpM_8dBtKg,40.39801975344831
UC3QNa7kEJA99Eth6vJT_7bg,UC5vDV47DxCtkubXzyA4DvpA,38.8329756778952
UC3QNa7kEJA99Eth6vJT_7bg,UC6hrh8ghfA9YQfXR2avigfg,37.53664875824692
UC3QNa7kEJA99Eth6vJT_7bg,UC6tYCyAG-TztXsWDYFf9ZDg,38.71692136521188
UC3QNa7kEJA99Eth6vJT_7bg,UC703mZ0bKgm-tHzI_gMfS7Q,41.95235392680606
UC3QNa7kEJA99Eth6vJT_7bg,UC74e4m0Vs8egJvUj6LtDG-g,40.124805295477756
UC3QNa7kEJA99Eth6vJT_7bg,UC75xsrq_uBocvYIXyLY4_iA,40.47221268969612
UC3QNa7kEJA99Eth6vJT_7bg,UC7P6ltVQKDGQ3j3b57iuWRQ,37.881393849751625
UC3QNa7kEJA99Eth6vJT_7bg,UC7dpiVH0l8O2yAQx7rTLMnA,37.78888725538237
UC3QNa7kEJA99Eth6vJT_7bg,UC7vhLT-Lc47db1xsOFM6gTw,40.06245124802026
UC3QNa7kEJA99Eth6vJT_7bg,UC88_jOaLuvhMX450UJD6DBg,40.90232267243512
UC3QNa7kEJA99Eth6vJT_7bg,UC89S9LRZ8hog0TMFp5T-PTA,38.98717737923585
UC3QNa7kEJA99Eth6vJT_7bg,UC8MNZvGwlAtCCF0TmN2A0dA,37.389838191679836
UC3QNa7kEJA99Eth6vJT_7bg,UC8xz1NJSEUzVlGyYwIjF8Tw,38.05259518088089
UC3QNa7kEJA99Eth6vJT_7bg,UC9CfJhTyDIBAISF-gNx6uxQ,38.67815921162743
UC3QNa7kEJA99Eth6vJT_7bg,UC9LpevInLWcm9uRjM8qc_WQ,37.78888725538237
UC3QNa7kEJA99Eth6vJT_7bg,UC9P6TQeN1UuznA4AZiTQwKw,45.24378410345447
UC3QNa7kEJA99Eth6vJT_7bg,UC9lAv7HY7o6PRxo4gfu9xhA,38.07886552931954
UC3QNa7kEJA99Eth6vJT_7bg,UCA2fnB98pIGQO3GIYKHuDPQ,42.567593307585526
UC3QNa7kEJA99Eth6vJT_7bg,UCAJy65bqVik-EdvwT0p89Hg,38.84584919911006
UC3QNa7kEJA99Eth6vJT_7bg,UCANEa40tf38ZWxxynRPXCMg,39.42080668885405
UC3QNa7kEJA99Eth6vJT_7bg,UCAQ8CFfCCmwItdNUFkdkS-A,42.5440947723653
UC3QNa7kEJA99Eth6vJT_7bg,UCAdbQGAhzEQ5Vh1wojL8DDA,47.265209192385896
UC3QNa7kEJA99Eth6vJT_7bg,UCAqHM4W0LBTwPmUMEJC9XmQ,39.87480407475377
UC3QNa7kEJA99Eth6vJT_7bg,UCBM-yQUDLXRHll83QSd5C4w,39.26830783214372
UC3kBEVpVAwlJ14LOnCadFYQ,UC443g47bJjk9fhUUEPxYJ_g,41.54515615568198
UC3kBEVpVAwlJ14LOnCadFYQ,UC4E9bYQ3V6QAYDgA-GlTQuw,36.59234892706397
UC3kBEVpVAwlJ14LOnCadFYQ,UC4EHkIHXxaSBlDpu0no7uvQ,38.704004960727254
UC3kBEVpVAwlJ14LOnCadFYQ,UC4RjJRD0iCHz2IfFXGIMuGA,51.79768334587948
UC3kBEVpVAwlJ14LOnCadFYQ,UC4bo_U28B-w3G-A0KkvdgbQ,38.39270764090493
UC3kBEVpVAwlJ14LOnCadFYQ,UC4cB4tChK474PAEhUng-uAg,36.124783736376884
UC3kBEVpVAwlJ14LOnCadFYQ,UC4j_IUak80HyK2t5ihzk9yA,44.82186966202994
UC3kBEVpVAwlJ14LOnCadFYQ,UC5CzLk5UPG-yR9V1utLoiPA,46.119410230400824
UC3kBEVpVAwlJ14LOnCadFYQ,UC5EBhVzE3pN3SQpM_8dBtKg,38.353617821530214
UC3kBEVpVAwlJ14LOnCadFYQ,UC5vDV47DxCtkubXzyA4DvpA,36.72873534441391
UC3kBEVpVAwlJ14LOnCadFYQ,UC6hrh8ghfA9YQfXR2avigfg,35.58089374931439
UC3kBEVpVAwlJ14LOnCadFYQ,UC6tYCyAG-TztXsWDYFf9ZDg,36.359317925395686
UC3kBEVpVAwlJ14LOnCadFYQ,UC703mZ0bKgm-tHzI_gMfS7Q,39.88734135035826
UC3kBEVpVAwlJ14LOnCadFYQ,UC74e4m0Vs8egJvUj6LtDG-g,37.907782842049734
UC3kBEVpVAwlJ14LOnCadFYQ,UC75xsrq_uBocvYIXyLY4_iA,38.353617821530214
UC3kBEVpVAwlJ14LOnCadFYQ,UC7P6ltVQKDGQ3j3b57iuWRQ,35.59494346111537
UC3kBEVpVAwlJ14LOnCadFYQ,UC7dpiVH0l8O2yAQx7rTLMnA,35.34119409414458
UC3kBEVpVAwlJ14LOnCadFYQ,UC7vhLT-Lc47db1xsOFM6gTw,38.0
UC3kBEVpVAwlJ14LOnCadFYQ,UC88_jOaLuvhMX450UJD6DBg,39.14077158156185
UC3kBEVpVAwlJ14LOnCadFYQ,UC89S9LRZ8hog0TMFp5T-PTA,36.810324638611924
UC3kBEVpVAwlJ14LOnCadFYQ,UC8MNZvGwlAtCCF0TmN2A0dA,35.05709628591621
UC3kBEVpVAwlJ14LOnCadFYQ,UC8xz1NJSEUzVlGyYwIjF8Tw,35.93048844644336
UC3kBEVpVAwlJ14LOnCadFYQ,UC9CfJhTyDIBAISF-gNx6uxQ,36.53765181289022
UC3kBEVpVAwlJ14LOnCadFYQ,UC9LpevInLWcm9uRjM8qc_WQ,35.31288716601915
UC3kBEVpVAwlJ14LOnCadFYQ,UC9P6TQeN1UuznA4AZiTQwKw,43.22036556994862
UC3kBEVpVAwlJ14LOnCadFYQ,UC9lAv7HY7o6PRxo4gfu9xhA,35.958309192730404
UC3kBEVpVAwlJ14LOnCadFYQ,UCA2fnB98pIGQO3GIYKHuDPQ,40.92676385936225
UC3kBEVpVAwlJ14LOnCadFYQ,UCAJy65bqVik-EdvwT0p89Hg,36.6333181680284
UC3kBEVpVAwlJ14LOnCadFYQ,UCANEa40tf38ZWxxynRPXCMg,37.53664875824692
UC3kBEVpVAwlJ14LOnCadFYQ,UCAQ8CFfCCmwItdNUFkdkS-A,40.779897008207364
UC3kBEVpVAwlJ14LOnCadFYQ,UCAdbQGAhzEQ5Vh1wojL8DDA,45.70557952810576
UC3kBEVpVAwlJ14LOnCadFYQ,UCAqHM4W0LBTwPmUMEJC9XmQ,37.64306044943742
UC3kBEVpVAwlJ14LOnCadFYQ,UCBM-yQUDLXRHll83QSd5C4w,37.21558813185679
UC443g47bJjk9fhUUEPxYJ_g,UC4E9bYQ3V6QAYDgA-GlTQuw,39.48417404479927
UC443g47bJjk9fhUUEPxYJ_g,UC4EHkIHXxaSBlDpu0no7uvQ,41.689327171351664
UC443g47bJjk9fhUUEPxYJ_g,UC4RjJRD0iCHz2IfFXGIMuGA,54.00925846556311
UC443g47bJjk9fhUUEPxYJ_g,UC4bo_U28B-w3G-A0KkvdgbQ,41.54515615568198
UC443g47bJjk9fhUUEPxYJ_g,UC4cB4tChK474PAEhUng-uAg,39.50949253027682
UC443g47bJjk9fhUUEPxYJ_g,UC4j_IUak80HyK2t5ihzk9yA,47.042533945356304
UC443g47bJjk9fhUUEPxYJ_g,UC5CzLk5UPG-yR9V1utLoiPA,48.73397172404482
UC443g47bJjk9fhUUEPxYJ_g,UC5EBhVzE3pN3SQpM_8dBtKg,41.60528812542944
UC443g47bJjk9fhUUEPxYJ_g,UC5vDV47DxCtkubXzyA4DvpA,39.66106403010388
UC443g47bJjk9fhUUEPxYJ_g,UC6hrh8ghfA9YQfXR2avigfg,38.93584466786357
UC443g47bJjk9fhUUEPxYJ_g,UC6tYCyAG-TztXsWDYFf9ZDg,39.824615503479755
UC443g47bJjk9fhUUEPxYJ_g,UC703mZ0bKgm-tHzI_gMfS7Q,42.69660408041839
UC443g47bJjk9fhUUEPxYJ_g,UC74e4m0Vs8egJvUj6LtDG-g,41.43669871020132
UC443g47bJjk9fhUUEPxYJ_g,UC75xsrq_uBocvYIXyLY4_iA,41.46082488325576
UC443g47bJjk9fhUUEPxYJ_g,UC7P6ltVQKDGQ3j3b57iuWRQ,38.97435053981015
UC443g47bJjk9fhUUEPxYJ_g,UC7dpiVH0l8O2yAQx7rTLMnA,38.61346915261564
UC443g47bJjk9fhUUEPxYJ_g,UC7vhLT-Lc47db1xsOFM6gTw,41.32795663954365
UC443g47bJjk9fhUUEPxYJ_g,UC88_jOaLuvhMX450UJD6DBg,41.95235392680606
UC443g47bJjk9fhUUEPxYJ_g,UC89S9LRZ8hog0TMFp5T-PTA,40.0374824383352
UC443g47bJjk9fhUUEPxYJ_g,UC8MNZvGwlAtCCF0TmN2A0dA,38.03945320322047
UC443g47bJjk9fhUUEPxYJ_g,UC8xz1NJSEUzVlGyYwIjF8Tw,39.02563260217571
UC443g47bJjk9fhUUEPxYJ_g,UC9CfJhTyDIBAISF-gNx6uxQ,39.91240408695021
UC443g47bJjk9fhUUEPxYJ_g,UC9LpevInLWcm9uRjM8qc_WQ,38.82009788756334
UC443g47bJjk9fhUUEPxYJ_g,UC9P6TQeN1UuznA4AZiTQwKw,46.06517122512408
UC443g47bJjk9fhUUEPxYJ_g,UC9lAv7HY7o6PRxo4gfu9xhA,39.56008088970496
UC443g47bJjk9fhUUEPxYJ_g,UCA2fnB98pIGQO3GIYKHuDPQ,43.89760813529594
UC443g47bJjk9fhUUEPxYJ_g,UCAJy65bqVik-EdvwT0p89Hg,39.87480407475377
UC443g47bJjk9fhUUEPxYJ_g,UCANEa40tf38ZWxxynRPXCMg,40.87786687193939
UC443g47bJjk9fhUUEPxYJ_g,UCAQ8CFfCCmwItdNUFkdkS-A,43.485629810317796
UC443g47bJjk9fhUUEPxYJ_g,UCAdbQGAhzEQ5Vh1wojL8DDA,48.23898838076935
UC443g47bJjk9fhUUEPxYJ_g,UCAqHM4W0LBTwPmUMEJC9XmQ,40.55859958134649
UC443g47bJjk9fhUUEPxYJ_g,UCBM-yQUDLXRHll83QSd5C4w,39.83716857408418
UC4E9bYQ3V6QAYDgA-GlTQuw,UC4EHkIHXxaSBlDpu0no7uvQ,37.16180835212409
UC4E9bYQ3V6QAYDgA-GlTQuw,UC4RjJRD0iCHz2IfFXGIMuGA,50.695167422546305
UC4E9bYQ3V6QAYDgA-GlTQuw,UC4bo_U28B-w3G-A0KkvdgbQ,36.72873534441391
UC4E9bYQ3V6QAYDgA-GlTQuw,UC4cB4tChK474PAEhUng-uAg,34.438350715445125
UC4E9bYQ3V6QAYDgA-GlTQuw,UC4j_IUak80HyK2t5ihzk9yA,42.96510211788167
UC4E9bYQ3V6QAYDgA-GlTQuw,UC5CzLk5UPG-yR9V1utLoiPA,44.98888751680797
UC4E9bYQ3V6QAYDgA-GlTQuw,UC5EBhVzE3pN3SQpM_8dBtKg,36.578682316343766
UC4E9bYQ3V6QAYDgA-GlTQuw,UC5vDV47DxCtkubXzyA4DvpA,34.9857113690718
UC4E9bYQ3V6QAYDgA-GlTQuw,UC6hrh8ghfA9YQfXR2avigfg,33.80828300875393
UC4E9bYQ3V6QAYDgA-GlTQuw,UC6tYCyAG-TztXsWDYFf9ZDg,34.88552708502482
UC4E9bYQ3V6QAYDgA-GlTQuw,UC703mZ0bKgm-tHzI_gMfS7Q,37.97367509209505
UC4E9bYQ3V6QAYDgA-GlTQuw,UC74e4m0Vs8egJvUj6LtDG-g,36.4417343165772
UC4E9bYQ3V6QAYDgA-GlTQuw,UC75xsrq_uBocvYIXyLY4_iA,36.68787265568828
UC4E9bYQ3V6QAYDgA-GlTQuw,UC7P6ltVQKDGQ3j3b57iuWRQ,33.97057550292606
UC4E9bYQ3V6QAYDgA-GlTQuw,UC7dpiVH0l8O2yAQx7rTLMnA,33.436506994600975
UC4E9bYQ3V6QAYDgA-GlTQuw,UC7vhLT-Lc47db1xsOFM6gTw,36.6742416417845
UC4E9bYQ3V6QAYDgA-GlTQuw,UC88_jOaLuvhMX450UJD6DBg,37.26929030716845
UC4E9bYQ3V6QAYDgA-GlTQuw,UC89S9LRZ8hog0TMFp5T-PTA,34.785054261852174
UC4E9bYQ3V6QAYDgA-GlTQuw,UC8MNZvGwlAtCCF0TmN2A0dA,33.166247903554
UC4E9bYQ3V6QAYDgA-GlTQuw,UC8xz1NJSEUzVlGyYwIjF8Tw,34.0
UC4E9bYQ3V6QAYDgA-GlTQuw,UC9CfJhTyDIBAISF-gNx6uxQ,35.014282800023196
UC4E9bYQ3V6QAYDgA-GlTQuw,UC9LpevInLWcm9uRjM8qc_WQ,33.734255586866
UC4E9bYQ3V6QAYDgA-GlTQuw,UC9P6TQeN1UuznA4AZiTQwKw,41.94043395102154
UC4E9bYQ3V6QAYDgA-GlTQuw,UC9lAv7HY7o6PRxo4gfu9xhA,34.38022687534217
UC4E9bYQ3V6QAYDgA-GlTQuw,UCA2fnB98pIGQO3GIYKHuDPQ,39.14077158156185
UC4E9bYQ3V6QAYDgA-GlTQuw,UCAJy65bqVik-EdvwT0p89Hg,34.942810419312295
UC4E9bYQ3V6QAYDgA-GlTQuw,UCANEa40tf38ZWxxynRPXCMg,35.9722114972099
UC4E9bYQ3V6QAYDgA-GlTQuw,UCAQ8CFfCCmwItdNUFkdkS-A,39.06404996924922
UC4E9bYQ3V6QAYDgA-GlTQuw,UCAdbQGAhzEQ5Vh1wojL8DDA,44.13615298142782
UC4E9bYQ3V6QAYDgA-GlTQuw,UCAqHM4W0LBTwPmUMEJC9XmQ,35.77708763999664
UC4E9bYQ3V6QAYDgA-GlTQuw,UCBM-yQUDLXRHll83QSd5C4w,35.24202037341219
UC4EHkIHXxaSBlDpu0no7uvQ,UC4RjJRD0iCHz2IfFXGIMuGA,52.22068555658763
UC4EHkIHXxaSBlDpu0no7uvQ,UC4bo_U28B-w3G-A0KkvdgbQ,38.62641583165593
UC4EHkIHXxaSBlDpu0no7uvQ,UC4cB4tChK474PAEhUng-uAg,36.373066958946424
UC4EHkIHXxaSBlDpu0no7uvQ,UC4j_IUak80HyK2t5ihzk9yA,45.31004303683677
UC4EHkIHXxaSBlDpu0no7uvQ,UC5CzLk5UPG-yR9V1utLoiPA,46.61544808322666
UC4EHkIHXxaSBlDpu0no7uvQ,UC5EBhVzE3pN3SQpM_8dBtKg,38.897300677553446
UC4EHkIHXxaSBlDpu0no7uvQ,UC5vDV47DxCtkubXzyA4DvpA,37.403208418530085
UC4EHkIHXxaSBlDpu0no7uvQ,UC6hrh8ghfA9YQfXR2avigfg,36.193922141707716
UC4EHkIHXxaSBlDpu0no7uvQ,UC6tYCyAG-TztXsWDYFf9ZDg,37.013511046643494
UC4EHkIHXxaSBlDpu0no7uvQ,UC703mZ0bKgm-tHzI_gMfS7Q,40.311288741492746
UC4EHkIHXxaSBlDpu0no7uvQ,UC74e4m0Vs8egJvUj6LtDG-g,38.43175770115127
UC4EHkIHXxaSBlDpu0no7uvQ,UC75xsrq_uBocvYIXyLY4_iA,38.87158345115362
UC4EHkIHXxaSBlDpu0no7uvQ,UC7P6ltVQKDGQ3j3b57iuWRQ,35.90264614203248
UC4EHkIHXxaSBlDpu0no7uvQ,UC7dpiVH0l8O2yAQx7rTLMnA,36.0416425818802
UC4EHkIHXxaSBlDpu0no7uvQ,UC7vhLT-Lc47db1xsOFM6gTw,38.704004960727254
UC4EHkIHXxaSBlDpu0no7uvQ,UC88_jOaLuvhMX450UJD6DBg,39.54743986657038
UC4EHkIHXxaSBlDpu0no7uvQ,UC89S9LRZ8hog0TMFp5T-PTA,37.26929030716845
UC4EHkIHXxaSBlDpu0no7uvQ,UC8MNZvGwlAtCCF0TmN2A0dA,35.59494346111537
UC4EHkIHXxaSBlDpu0no7uvQ,UC8xz1NJSEUzVlGyYwIjF8Tw,36.15245496505044
UC4EHkIHXxaSBlDpu0no7uvQ,UC9CfJhTyDIBAISF-gNx6uxQ,37.05401462729781
UC4EHkIHXxaSBlDpu0no7uvQ,UC9LpevInLWcm9uRjM8qc_WQ,35.76310948449533
UC4EHkIHXxaSBlDpu0no7uvQ,UC9P6TQeN1UuznA4AZiTQwKw,43.726422218150894
UC4EHkIHXxaSBlDpu0no7uvQ,UC9lAv7HY7o6PRxo4gfu9xhA,36.373066958946424
UC4EHkIHXxaSBlDpu0no7uvQ,UCA2fnB98pIGQO3GIYKHuDPQ,41.2674205639267
UC4EHkIHXxaSBlDpu0no7uvQ,UCAJy65bqVik-EdvwT0p89Hg,37.17526059088221
UC4EHkIHXxaSBlDpu0no7uvQ,UCANEa40tf38ZWxxynRPXCMg,37.66961640367472
UC4EHkIHXxaSBlDpu0no7uvQ,UCAQ8CFfCCmwItdNUFkdkS-A,41.048751503547585
UC4EHkIHXxaSBlDpu0no7uvQ,UCAdbQGAhzEQ5Vh1wojL8DDA,45.967379738244816
UC4EHkIHXxaSBlDpu0no7uvQ,UCAqHM4W0LBTwPmUMEJC9XmQ,37.907782842049734
UC4EHkIHXxaSBlDpu0no7uvQ,UCBM-yQUDLXRHll83QSd5C4w,37.69615364994153
UC4RjJRD0iCHz2IfFXGIMuGA,UC4bo_U28B-w3G-A0KkvdgbQ,51.99038372622383
UC4RjJRD0iCHz2IfFXGIMuGA,UC4cB4tChK474PAEhUng-uAg,50.27922035990614
UC4RjJRD0iCHz2IfFXGIMuGA,UC4j_IUak80HyK2t5ihzk9yA,56.515484603779164
UC4RjJRD0iCHz2IfFXGIMuGA,UC5CzLk5UPG-yR9V1utLoiPA,57.532599454570104
UC4RjJRD0iCHz2IfFXGIMuGA,UC5EBhVzE3pN3SQpM_8dBtKg,51.92301994298868
UC4RjJRD0iCHz2IfFXGIMuGA,UC5vDV47DxCtkubXzyA4DvpA,50.93132631298737
UC4RjJRD0iCHz2IfFXGIMuGA,UC6hrh8ghfA9YQfXR2avigfg,50.44799302251776
UC4RjJRD0iCHz2IfFXGIMuGA,UC6tYCyAG-TztXsWDYFf9ZDg,50.60632371551998
UC4RjJRD0iCHz2IfFXGIMuGA,UC703mZ0bKgm-tHzI_gMfS7Q,52.78257288158659
UC4RjJRD0iCHz2IfFXGIMuGA,UC74e4m0Vs8egJvUj6LtDG-g,52.01922721455981
UC4RjJRD0iCHz2IfFXGIMuGA,UC75xsrq_uBocvYIXyLY4_iA,51.90375708944392
UC4RjJRD0iCHz2IfFXGIMuGA,UC7P6ltVQKDGQ3j3b57iuWRQ,50.1398045468867
UC4RjJRD0iCHz2IfFXGIMuGA,UC7dpiVH0l8O2yAQx7rTLMnA,50.11985634456667
UC4RjJRD0iCHz2IfFXGIMuGA,UC7vhLT-Lc47db1xsOFM6gTw,51.64300533470143
UC4RjJRD0iCHz2IfFXGIMuGA,UC88_jOaLuvhMX450UJD6DBg,52.29722745997153
UC4RjJRD0iCHz2IfFXGIMuGA,UC89S9LRZ8hog0TMFp5T-PTA,50.65570056765576
UC4RjJRD0iCHz2IfFXGIMuGA,UC8MNZvGwlAtCCF0TmN2A0dA,49.658836071740545
UC4RjJRD0iCHz2IfFXGIMuGA,UC8xz1NJSEUzVlGyYwIjF8Tw,50.33885179461288
UC4RjJRD0iCHz2IfFXGIMuGA,UC9CfJhTyDIBAISF-gNx6uxQ,50.99019513592785
UC4RjJRD0iCHz2IfFXGIMuGA,UC9LpevInLWcm9uRjM8qc_WQ,49.8998997994986
UC4RjJRD0iCHz2IfFXGIMuGA,UC9P6TQeN1UuznA4AZiTQwKw,55.74047003748713
UC4RjJRD0iCHz2IfFXGIMuGA,UC9lAv7HY7o6PRxo4gfu9xhA,50.457903246171455
UC4RjJRD0iCHz2IfFXGIMuGA,UCA2fnB98pIGQO3GIYKHuDPQ,53.85164807134504
UC4RjJRD0iCHz2IfFXGIMuGA,UCAJy65bqVik-EdvwT0p89Hg,50.665570163573605
UC4RjJRD0iCHz2IfFXGIMuGA,UCANEa40tf38ZWxxynRPXCMg,51.34199061197374
UC4RjJRD0iCHz2IfFXGIMuGA,UCAQ8CFfCCmwItdNUFkdkS-A,53.74011537017761
UC4RjJRD0iCHz2IfFXGIMuGA,UCAdbQGAhzEQ5Vh1wojL8DDA,56.72741841473134
UC4RjJRD0iCHz2IfFXGIMuGA,UCAqHM4W0LBTwPmUMEJC9XmQ,51.38093031466052
UC4RjJRD0iCHz2IfFXGIMuGA,UCBM-yQUDLXRHll83QSd5C4w,51.16639522186413
UC4bo_U28B-w3G-A0KkvdgbQ,UC4cB4tChK474PAEhUng-uAg,35.84689665786984
UC4bo_U28B-w3G-A0KkvdgbQ,UC4j_IUak80HyK2t5ihzk9yA,44.97777228809804
UC4bo_U28B-w3G-A0KkvdgbQ,UC5CzLk5UPG-yR9V1utLoiPA,45.880278987817846
UC4bo_U28B-w3G-A0KkvdgbQ,UC5EBhVzE3pN3SQpM_8dBtKg,38.45776904605882
UC4bo_U28B-w3G-A0KkvdgbQ,UC5vDV47DxCtkubXzyA4DvpA,37.027017163147235
UC4bo_U28B-w3G-A0KkvdgbQ,UC6hrh8ghfA9YQfXR2avigfg,35.832945734337834
UC4bo_U28B-w3G-A0KkvdgbQ,UC6tYCyAG-TztXsWDYFf9ZDg,36.66060555964672
UC4bo_U28B-w3G-A0KkvdgbQ,UC703mZ0bKgm-tHzI_gMfS7Q,39.8622628559895
UC4bo_U28B-w3G-A0KkvdgbQ,UC74e4m0Vs8egJvUj6LtDG-g,37.881393849751625
UC4bo_U28B-w3G-A0KkvdgbQ,UC75xsrq_uBocvYIXyLY4_iA,38.43175770115127
UC4bo_U28B-w3G-A0KkvdgbQ,UC7P6ltVQKDGQ3j3b57iuWRQ,35.566838487557476
UC4bo_U28B-w3G-A0KkvdgbQ,UC7dpiVH0l8O2yAQx7rTLMnA,35.482389998420345
UC4bo_U28B-w3G-A0KkvdgbQ,UC7vhLT-Lc47db1xsOFM6gTw,38.157568056677825
UC4bo_U28B-w3G-A0KkvdgbQ,UC88_jOaLuvhMX450UJD6DBg,39.293765408777
UC4bo_U28B-w3G-A0KkvdgbQ,UC89S9LRZ8hog0TMFp5T-PTA,36.72873534441391
UC4bo_U28B-w3G-A0KkvdgbQ,UC8MNZvGwlAtCCF0TmN2A0dA,35.25620512760839
UC4bo_U28B-w3G-A0KkvdgbQ,UC8xz1NJSEUzVlGyYwIjF8Tw,35.874782229304195
UC4bo_U28B-w3G-A0KkvdgbQ,UC9CfJhTyDIBAISF-gNx6uxQ,36.75595189897821
UC4bo_U28B-w3G-A0KkvdgbQ,UC9LpevInLWcm9uRjM8qc_WQ,35.369478367654786
UC4bo_U28B-w3G-A0KkvdgbQ,UC9P6TQeN1UuznA4AZiTQwKw,43.520110293977886
UC4bo_U28B-w3G-A0KkvdgbQ,UC9lAv7HY7o6PRxo4gfu9xhA,36.069377593742864
UC4bo_U28B-w3G-A0KkvdgbQ,UCA2fnB98pIGQO3GIYKHuDPQ,41.0
UC4bo_U28B-w3G-A0KkvdgbQ,UCAJy65bqVik-EdvwT0p89Hg,36.87817782917155
UC4bo_U28B-w3G-A0KkvdgbQ,UCANEa40tf38ZWxxynRPXCMg,37.376463182061514
UC4bo_U28B-w3G-A0KkvdgbQ,UCAQ8CFfCCmwItdNUFkdkS-A,40.70626487409524
UC4bo_U28B-w3G-A0KkvdgbQ,UCAdbQGAhzEQ5Vh1wojL8DDA,45.59605246071199
UC4bo_U28B-w3G-A0KkvdgbQ,UCAqHM4W0LBTwPmUMEJC9XmQ,37.72267222772003
UC4bo_U28B-w3G-A0KkvdgbQ,UCBM-yQUDLXRHll83QSd5C4w,37.3496987939662
UC4cB4tChK474PAEhUng-uAg,UC4j_IUak80HyK2t5ihzk9yA,43.08131845707603
UC4cB4tChK474PAEhUng-uAg,UC5CzLk5UPG-yR9V1utLoiPA,44.06812907306141
UC4cB4tChK474PAEhUng-uAg,UC5EBhVzE3pN3SQpM_8dBtKg,36.578682316343766
UC4cB4tChK474PAEhUng-uAg,UC5vDV47DxCtkubXzyA4DvpA,34.92849839314596
UC4cB4tChK474PAEhUng-uAg,UC6hrh8ghfA9YQfXR2avigfg,33.54101966249684
UC4cB4tChK474PAEhUng-uAg,UC6tYCyAG-TztXsWDYFf9ZDg,34.539832078341085
UC4cB4tChK474PAEhUng-uAg,UC703mZ0bKgm-tHzI_gMfS7Q,37.841775856849004
UC4cB4tChK474PAEhUng-uAg,UC74e4m0Vs8egJvUj6LtDG-g,35.9722114972099
UC4cB4tChK474PAEhUng-uAg,UC75xsrq_uBocvYIXyLY4_iA,36.46916505762094
UC4cB4tChK474PAEhUng-uAg,UC7P6ltVQKDGQ3j3b57iuWRQ,33.436506994600975
UC4cB4tChK474PAEhUng-uAg,UC7dpiVH0l8O2yAQx7rTLMnA,33.04542328371661
UC4cB4tChK474PAEhUng-uAg,UC7vhLT-Lc47db1xsOFM6gTw,36.180105030251084
UC4cB4tChK474PAEhUng-uAg,UC88_jOaLuvhMX450UJD6DBg,36.89173349139343
UC4cB4tChK474PAEhUng-uAg,UC89S9LRZ8hog0TMFp5T-PTA,34.61213659975356
UC4cB4tChK474PAEhUng-uAg,UC8MNZvGwlAtCCF0TmN2A0dA,32.92415526630866
UC4cB4tChK474PAEhUng-uAg,UC8xz1NJSEUzVlGyYwIjF8Tw,33.52610922848042
UC4cB4tChK474PAEhUng-uAg,UC9CfJhTyDIBAISF-gNx6uxQ,34.66987164671943
UC4cB4tChK474PAEhUng-uAg,UC9LpevInLWcm9uRjM8qc_WQ,33.436506994600975
UC4cB4tChK474PAEhUng-uAg,UC9P6TQeN1UuznA4AZiTQwKw,41.58124577258358
UC4cB4tChK474PAEhUng-uAg,UC9lAv7HY7o6PRxo4gfu9xhA,33.94112549695428
UC4cB4tChK474PAEhUng-uAg,UCA2fnB98pIGQO3GIYKHuDPQ,38.98717737923585
UC4cB4tChK474PAEhUng-uAg,UCAJy65bqVik-EdvwT0p89Hg,34.42382895611701
UC4cB4tChK474PAEhUng-uAg,UCANEa40tf38ZWxxynRPXCMg,35.4400902933387
UC4cB4tChK474PAEhUng-uAg,UCAQ8CFfCCmwItdNUFkdkS-A,38.600518131237564
UC4cB4tChK474PAEhUng-uAg,UCAdbQGAhzEQ5Vh1wojL8DDA,43.68065933568311
UC4cB4tChK474PAEhUng-uAg,UCAqHM4W0LBTwPmUMEJC9XmQ,35.6931365951495
UC4cB4tChK474PAEhUng-uAg,UCBM-yQUDLXRHll83QSd5C4w,35.12833614050059
UC4j_IUak80HyK2t5ihzk9yA,UC5CzLk5UPG-yR9V1utLoiPA,51.61395160225576
UC4j_IUak80HyK2t5ihzk9yA,UC5EBhVzE3pN3SQpM_8dBtKg,44.9221548904324
UC4j_IUak80HyK2t5ihzk9yA,UC5vDV47DxCtkubXzyA4DvpA,43.634848458542855
UC4j_IUak80HyK2t5ihzk9yA,UC6hrh8ghfA9YQfXR2avigfg,42.60281680828159
UC4j_IUak80HyK2t5ihzk9yA,UC6tYCyAG-TztXsWDYFf9ZDg,43.53159771935783
UC4j_IUak80HyK2t5ihzk9yA,UC703mZ0bKgm-tHzI_gMfS7Q,46.195237849804386
UC4j_IUak80HyK2t5ihzk9yA,UC74e4m0Vs8egJvUj6LtDG-g,44.67661580737735
UC4j_IUak80HyK2t5ihzk9yA,UC75xsrq_uBocvYIXyLY4_iA,45.0111097397076
UC4j_IUak80HyK2t5ihzk9yA,UC7P6ltVQKDGQ3j3b57iuWRQ,42.89522117905443
UC4j_IUak80HyK2t5ihzk9yA,UC7dpiVH0l8O2yAQx7rTLMnA,42.33202097703345
UC4j_IUak80HyK2t5ihzk9yA,UC7vhLT-Lc47db1xsOFM6gTw,44.710177812216315
UC4j_IUak80HyK2t5ihzk9yA,UC88_jOaLuvhMX450UJD6DBg,45.332107826572546
UC4j_IUak80HyK2t5ihzk9yA,UC89S9LRZ8hog0TMFp5T-PTA,43.40506882842141
UC4j_IUak80HyK2t5ihzk9yA,UC8MNZvGwlAtCCF0TmN2A0dA,41.8568990729127
UC4j_IUak80HyK2t5ihzk9yA,UC8xz1NJSEUzVlGyYwIjF8Tw,42.77849927241488
UC4j_IUak80HyK2t5ihzk9yA,UC9CfJhTyDIBAISF-gNx6uxQ,43.40506882842141
UC4j_IUak80HyK2t5ihzk9yA,UC9LpevInLWcm9uRjM8qc_WQ,42.59107887809371
UC4j_IUak80HyK2t5ihzk9yA,UC9P6TQeN1UuznA4AZiTQwKw,49.34571916590131
UC4j_IUak80HyK2t5ihzk9yA,UC9lAv7HY7o6PRxo4gfu9xhA,43.15089802078283
UC4j_IUak80HyK2t5ihzk9yA,UCA2fnB98pIGQO3GIYKHuDPQ,46.9041575982343
UC4j_IUak80HyK2t5ihzk9yA,UCAJy65bqVik-EdvwT0p89Hg,43.57751713900185
UC4j_IUak80HyK2t5ihzk9yA,UCANEa40tf38ZWxxynRPXCMg,44.384682042344295
UC4j_IUak80HyK2t5ihzk9yA,UCAQ8CFfCCmwItdNUFkdkS-A,46.776062254106
UC4j_IUak80HyK2t5ihzk9yA,UCAdbQGAhzEQ5Vh1wojL8DDA,50.950956811427986
UC4j_IUak80HyK2t5ihzk9yA,UCAqHM4W0LBTwPmUMEJC9XmQ,44.24929377967517
UC4j_IUak80HyK2t5ihzk9yA,UCBM-yQUDLXRHll83QSd5C4w,43.726422218150894
UC5CzLk5UPG-yR9V1utLoiPA,UC5EBhVzE3pN3SQpM_8dBtKg,46.08687448721165
UC5CzLk5UPG-yR9V1utLoiPA,UC5vDV47DxCtkubXzyA4DvpA,45.21061822182926
UC5CzLk5UPG-yR9V1utLoiPA,UC6hrh8ghfA9YQfXR2avigfg,44.30575583375144
UC5CzLk5UPG-yR9V1utLoiPA,UC6tYCyAG-TztXsWDYFf9ZDg,44.86646854834911
UC5CzLk5UPG-yR9V1utLoiPA,UC703mZ0bKgm-tHzI_gMfS7Q,47.391982444291145
UC5CzLk5UPG-yR9V1utLoiPA,UC74e4m0Vs8egJvUj6LtDG-g,45.93473631142341
UC5CzLk5UPG-yR9V1utLoiPA,UC75xsrq_uBocvYIXyLY4_iA,46.195237849804386
UC5CzLk5UPG-yR9V1utLoiPA,UC7P6ltVQKDGQ3j3b57iuWRQ,44.204072210600685
UC5CzLk5UPG-yR9V1utLoiPA,UC7dpiVH0l8O2yAQx7rTLMnA,44.02272140611028
UC5CzLk5UPG-yR9V1utLoiPA,UC7vhLT-Lc47db1xsOFM6gTw,45.83666654546336
UC5CzLk5UPG-yR9V1utLoiPA,UC88_jOaLuvhMX450UJD6DBg,46.9148164229596
UC5CzLk5UPG-yR9V1utLoiPA,UC89S9LRZ8hog0TMFp5T-PTA,44.9221548904324
UC5CzLk5UPG-yR9V1utLoiPA,UC8MNZvGwlAtCCF0TmN2A0dA,43.634848458542855
UC5CzLk5UPG-yR9V1utLoiPA,UC8xz1NJSEUzVlGyYwIjF8Tw,44.40720662234904
UC5CzLk5UPG-yR9V1utLoiPA,UC9CfJhTyDIBAISF-gNx6uxQ,44.98888751680797
UC5CzLk5UPG-yR9V1utLoiPA,UC9LpevInLWcm9uRjM8qc_WQ,44.04543109109048
UC5CzLk5UPG-yR9V1utLoiPA,UC9P6TQeN1UuznA4AZiTQwKw,50.40833264451424
UC5CzLk5UPG-yR9V1utLoiPA,UC9lAv7HY7o6PRxo4gfu9xhA,44.384682042344295
UC5CzLk5UPG-yR9V1utLoiPA,UCA2fnB98pIGQO3GIYKHuDPQ,48.02082881417188
UC5CzLk5UPG-yR9V1utLoiPA,UCAJy65bqVik-EdvwT0p89Hg,44.53088815642464
UC5CzLk5UPG-yR9V1utLoiPA,UCANEa40tf38ZWxxynRPXCMg,45.27692569068709
UC5CzLk5UPG-yR9V1utLoiPA,UCAQ8CFfCCmwItdNUFkdkS-A,48.35286961494633
UC5CzLk5UPG-yR9V1utLoiPA,UCAdbQGAhzEQ5Vh1wojL8DDA,51.96152422706632
UC5CzLk5UPG-yR9V1utLoiPA,UCAqHM4W0LBTwPmUMEJC9XmQ,45.71651780264984
UC5CzLk5UPG-yR9V1utLoiPA,UCBM-yQUDLXRHll83QSd5C4w,45.34313619501854
UC5EBhVzE3pN3SQpM_8dBtKg,UC5vDV47DxCtkubXzyA4DvpA,37.013511046643494
UC5EBhVzE3pN3SQpM_8dBtKg,UC6hrh8ghfA9YQfXR2avigfg,35.874782229304195
UC5EBhVzE3pN3SQpM_8dBtKg,UC6tYCyAG-TztXsWDYFf9ZDg,36.72873534441391
UC5EBhVzE3pN3SQpM_8dBtKg,UC703mZ0bKgm-tHzI_gMfS7Q,39.824615503479755
UC5EBhVzE3pN3SQpM_8dBtKg,UC74e4m0Vs8egJvUj6LtDG-g,38.31448812133603
UC5EBhVzE3pN3SQpM_8dBtKg,UC75xsrq_uBocvYIXyLY4_iA,38.54867053479276
UC5EBhVzE3pN3SQpM_8dBtKg,UC7P6ltVQKDGQ3j3b57iuWRQ,35.888716889852724
UC5EBhVzE3pN3SQpM_8dBtKg,UC7dpiVH0l8O2yAQx7rTLMnA,35.7211421989835
UC5EBhVzE3pN3SQpM_8dBtKg,UC7vhLT-Lc47db1xsOFM6gTw,38.17066936798463
UC5EBhVzE3pN3SQpM_8dBtKg,UC88_jOaLuvhMX450UJD6DBg,39.230090491866065
UC5EBhVzE3pN3SQpM_8dBtKg,UC89S9LRZ8hog0TMFp5T-PTA,36.959437225152655
UC5EBhVzE3pN3SQpM_8dBtKg,UC8MNZvGwlAtCCF0TmN2A0dA,35.21363372331802
UC5EBhVzE3pN3SQpM_8dBtKg,UC8xz1NJSEUzVlGyYwIjF8Tw,36.0
UC5EBhVzE3pN3SQpM_8dBtKg,UC9CfJhTyDIBAISF-gNx6uxQ,36.90528417449187
UC5EBhVzE3pN3SQpM_8dBtKg,UC9LpevInLWcm9uRjM8qc_WQ,35.749125863438955
UC5EBhVzE3pN3SQpM_8dBtKg,UC9P6TQeN1UuznA4AZiTQwKw,43.46262762420146
UC5EBhVzE3pN3SQpM_8dBtKg,UC9lAv7HY7o6PRxo4gfu9xhA,36.27671429443411
UC5EBhVzE3pN3SQpM_8dBtKg,UCA2fnB98pIGQO3GIYKHuDPQ,40.91454509095757
UC5EBhVzE3pN3SQpM_8dBtKg,UCAJy65bqVik-EdvwT0p89Hg,36.837480912787726
UC5EBhVzE3pN3SQpM_8dBtKg,UCANEa40tf38ZWxxynRPXCMg,37.62977544445356
UC5EBhVzE3pN3SQpM_8dBtKg,UCAQ8CFfCCmwItdNUFkdkS-A,40.76763422127902
UC5EBhVzE3pN3SQpM_8dBtKg,UCAdbQGAhzEQ5Vh1wojL8DDA,45.5411901469428
UC5EBhVzE3pN3SQpM_8dBtKg,UCAqHM4W0LBTwPmUMEJC9XmQ,37.92097045171708
UC5EBhVzE3pN3SQpM_8dBtKg,UCBM-yQUDLXRHll83QSd5C4w,37.282703764614496
UC5vDV47DxCtkubXzyA4DvpA,UC6hrh8ghfA9YQfXR2avigfg,34.219877264537345
UC5vDV47DxCtkubXzyA4DvpA,UC6tYCyAG-TztXsWDYFf9ZDg,35.14256678161116
UC5vDV47DxCtkubXzyA4DvpA,UC703mZ0bKgm-tHzI_gMfS7Q,38.600518131237564
UC5vDV47DxCtkubXzyA4DvpA,UC74e4m0Vs8egJvUj6LtDG-g,36.66060555964672
UC5vDV47DxCtkubXzyA4DvpA,UC75xsrq_uBocvYIXyLY4_iA,37.14835124201342
UC5vDV47DxCtkubXzyA4DvpA,UC7P6ltVQKDGQ3j3b57iuWRQ,34.351128074635334
UC5vDV47DxCtkubXzyA4DvpA,UC7dpiVH0l8O2yAQx7rTLMnA,33.76388603226827
UC5vDV47DxCtkubXzyA4DvpA,UC7vhLT-Lc47db1xsOFM6gTw,36.9729630946723
UC5vDV47DxCtkubXzyA4DvpA,UC88_jOaLuvhMX450UJD6DBg,37.589892258425
UC5vDV47DxCtkubXzyA4DvpA,UC89S9LRZ8hog0TMFp5T-PTA,35.32704346531139
UC5vDV47DxCtkubXzyA4DvpA,UC8MNZvGwlAtCCF0TmN2A0dA,33.166247903554
UC5vDV47DxCtkubXzyA4DvpA,UC8xz1NJSEUzVlGyYwIjF8Tw,34.438350715445125
UC5vDV47DxCtkubXzyA4DvpA,UC9CfJhTyDIBAISF-gNx6uxQ,35.38361202590826
UC5vDV47DxCtkubXzyA4DvpA,UC9LpevInLWcm9uRjM8qc_WQ,34.17601498127012
UC5vDV47DxCtkubXzyA4DvpA,UC9P6TQeN1UuznA4AZiTQwKw,42.13074886588179
UC5vDV47DxCtkubXzyA4DvpA,UC9lAv7HY7o6PRxo4gfu9xhA,34.84250278036869
UC5vDV47DxCtkubXzyA4DvpA,UCA2fnB98pIGQO3GIYKHuDPQ,40.0
UC5vDV47DxCtkubXzyA4DvpA,UCAJy65bqVik-EdvwT0p89Hg,35.397740040855716
UC5vDV47DxCtkubXzyA4DvpA,UCANEa40tf38ZWxxynRPXCMg,36.38681079732051
UC5vDV47DxCtkubXzyA4DvpA,UCAQ8CFfCCmwItdNUFkdkS-A,39.57271787481876
UC5vDV47DxCtkubXzyA4DvpA,UCAdbQGAhzEQ5Vh1wojL8DDA,44.56455991031439
UC5vDV47DxCtkubXzyA4DvpA,UCAqHM4W0LBTwPmUMEJC9XmQ,36.359317925395686
UC5vDV47DxCtkubXzyA4DvpA,UCBM-yQUDLXRHll83QSd5C4w,35.749125863438955
UC6hrh8ghfA9YQfXR2avigfg,UC6tYCyAG-TztXsWDYFf9ZDg,33.704599092705436
UC6hrh8ghfA9YQfXR2avigfg,UC703mZ0bKgm-tHzI_gMfS7Q,37.376463182061514
UC6hrh8ghfA9YQfXR2avigfg,UC74e4m0Vs8egJvUj6LtDG-g,35.482389998420345
UC6hrh8ghfA9YQfXR2avigfg,UC75xsrq_uBocvYIXyLY4_iA,35.79106033634656
UC6hrh8ghfA9YQfXR2avigfg,UC7P6ltVQKDGQ3j3b57iuWRQ,32.93933818400121
UC6hrh8ghfA9YQfXR2avigfg,UC7dpiVH0l8O2yAQx7rTLMnA,32.817678162843876
UC6hrh8ghfA9YQfXR2avigfg,UC7vhLT-Lc47db1xsOFM6gTw,35.52463933666322
UC6hrh8ghfA9YQfXR2avigfg,UC88_jOaLuvhMX450UJD6DBg,36.6333181680284
UC6hrh8ghfA9YQfXR2avigfg,UC89S9LRZ8hog0TMFp5T-PTA,34.07345007480164
UC6hrh8ghfA9YQfXR2avigfg,UC8MNZvGwlAtCCF0TmN2A0dA,32.17141588429082
UC6hrh8ghfA9YQfXR2avigfg,UC8xz1NJSEUzVlGyYwIjF8Tw,33.06055050963308
UC6hrh8ghfA9YQfXR2avigfg,UC9CfJhTyDIBAISF-gNx6uxQ,33.95585369269929
UC6hrh8ghfA9YQfXR2avigfg,UC9LpevInLWcm9uRjM8qc_WQ,32.66496594212215
UC6hrh8ghfA9YQfXR2avigfg,UC9P6TQeN1UuznA4AZiTQwKw,41.060930335295616
UC6hrh8ghfA9YQfXR2avigfg,UC9lAv7HY7o6PRxo4gfu9xhA,33.24154027718932
UC6hrh8ghfA9YQfXR2avigfg,UCA2fnB98pIGQO3GIYKHuDPQ,38.768543949960254
UC6hrh8ghfA9YQfXR2avigfg,UCAJy65bqVik-EdvwT0p89Hg,34.17601498127012
UC6hrh8ghfA9YQfXR2avigfg,UCANEa40tf38ZWxxynRPXCMg,34.97141690009142
UC6hrh8ghfA9YQfXR2avigfg,UCAQ8CFfCCmwItdNUFkdkS-A,38.40572873934304
UC6hrh8ghfA9YQfXR2avigfg,UCAdbQGAhzEQ5Vh1wojL8DDA,43.46262762420146
UC6hrh8ghfA9YQfXR2avigfg,UCAqHM4W0LBTwPmUMEJC9XmQ,35.2845575287547
UC6hrh8ghfA9YQfXR2avigfg,UCBM-yQUDLXRHll83QSd5C4w,34.48187929913333
UC6tYCyAG-TztXsWDYFf9ZDg,UC703mZ0bKgm-tHzI_gMfS7Q,38.3275357934736
UC6tYCyAG-TztXsWDYFf9ZDg,UC74e4m0Vs8egJvUj6LtDG-g,36.318039594669756
UC6tYCyAG-TztXsWDYFf9ZDg,UC75xsrq_uBocvYIXyLY4_iA,36.565010597564445
UC6tYCyAG-TztXsWDYFf9ZDg,UC7P6ltVQKDGQ3j3b57iuWRQ,33.689761055846034
UC6tYCyAG-TztXsWDYFf9ZDg,UC7dpiVH0l8O2yAQx7rTLMnA,33.83784863137726
UC6tYCyAG-TztXsWDYFf9ZDg,UC7vhLT-Lc47db1xsOFM6gTw,36.3318042491699
UC6tYCyAG-TztXsWDYFf9ZDg,UC88_jOaLuvhMX450UJD6DBg,37.68288736283355
UC6tYCyAG-TztXsWDYFf9ZDg,UC89S9LRZ8hog0TMFp5T-PTA,34.91418050019218
UC6tYCyAG-TztXsWDYFf9ZDg,UC8MNZvGwlAtCCF0TmN2A0dA,33.27160951922825
UC6tYCyAG-TztXsWDYFf9ZDg,UC8xz1NJSEUzVlGyYwIjF8Tw,34.19064199455752
UC6tYCyAG-TztXsWDYFf9ZDg,UC9CfJhTyDIBAISF-gNx6uxQ,35.0
UC6tYCyAG-TztXsWDYFf9ZDg,UC9LpevInLWcm9uRjM8qc_WQ,33.63034344160047
UC6tYCyAG-TztXsWDYFf9ZDg,UC9P6TQeN1UuznA4AZiTQwKw,41.737273509418415
UC6tYCyAG-TztXsWDYFf9ZDg,UC9lAv7HY7o6PRxo4gfu9xhA,34.307433596816885
UC6tYCyAG-TztXsWDYFf9ZDg,UCA2fnB98pIGQO3GIYKHuDPQ,39.50949253027682
UC6tYCyAG-TztXsWDYFf9ZDg,UCAJy65bqVik-EdvwT0p89Hg,35.07135583350036
UC6tYCyAG-TztXsWDYFf9ZDg,UCANEa40tf38ZWxxynRPXCMg,35.81898937714463
UC6tYCyAG-TztXsWDYFf9ZDg,UCAQ8CFfCCmwItdNUFkdkS-A,39.230090491866065
UC6tYCyAG-TztXsWDYFf9ZDg,UCAdbQGAhzEQ5Vh1wojL8DDA,44.26059195266146
UC6tYCyAG-TztXsWDYFf9ZDg,UCAqHM4W0LBTwPmUMEJC9XmQ,36.013886210738214
UC6tYCyAG-TztXsWDYFf9ZDg,UCBM-yQUDLXRHll83QSd5C4w,35.566838487557476
UC703mZ0bKgm-tHzI_gMfS7Q,UC74e4m0Vs8egJvUj6LtDG-g,39.67366884975475
UC703mZ0bKgm-tHzI_gMfS7Q,UC75xsrq_uBocvYIXyLY4_iA,40.149719799769464
UC703mZ0bKgm-tHzI_gMfS7Q,UC7P6ltVQKDGQ3j3b57iuWRQ,37.33630940518894
UC703mZ0bKgm-tHzI_gMfS7Q,UC7dpiVH0l8O2yAQx7rTLMnA,37.22902093797257
UC703mZ0bKgm-tHzI_gMfS7Q,UC7vhLT-Lc47db1xsOFM6gTw,39.98749804626441
UC703mZ0bKgm-tHzI_gMfS7Q,UC88_jOaLuvhMX450UJD6DBg,40.681691213615984
UC703mZ0bKgm-tHzI_gMfS7Q,UC89S9LRZ8hog0TMFp5T-PTA,38.18376618407357
UC703mZ0bKgm-tHzI_gMfS7Q,UC8MNZvGwlAtCCF0TmN2A0dA,36.46916505762094
UC703mZ0bKgm-tHzI_gMfS7Q,UC8xz1NJSEUzVlGyYwIjF8Tw,37.282703764614496
UC703mZ0bKgm-tHzI_gMfS7Q,UC9CfJhTyDIBAISF-gNx6uxQ,38.52272056851645
UC703mZ0bKgm-tHzI_gMfS7Q,UC9LpevInLWcm9uRjM8qc_WQ,37.20215047547655
UC703mZ0bKgm-tHzI_gMfS7Q,UC9P6TQeN1UuznA4AZiTQwKw,44.68780594300866
UC703mZ0bKgm-tHzI_gMfS7Q,UC9lAv7HY7o6PRxo4gfu9xhA,37.86819245752297
UC703mZ0bKgm-tHzI_gMfS7Q,UCA2fnB98pIGQO3GIYKHuDPQ,42.37924020083418
UC703mZ0bKgm-tHzI_gMfS7Q,UCAJy65bqVik-EdvwT0p89Hg,38.40572873934304
UC703mZ0bKgm-tHzI_gMfS7Q,UCANEa40tf38ZWxxynRPXCMg,39.293765408777
UC703mZ0bKgm-tHzI_gMfS7Q,UCAQ8CFfCCmwItdNUFkdkS-A,41.80908992073375
UC703mZ0bKgm-tHzI_gMfS7Q,UCAdbQGAhzEQ5Vh1wojL8DDA,46.62617290749907
UC703mZ0bKgm-tHzI_gMfS7Q,UCAqHM4W0LBTwPmUMEJC9XmQ,39.42080668885405
UC703mZ0bKgm-tHzI_gMfS7Q,UCBM-yQUDLXRHll83QSd5C4w,38.49675310984031
UC74e4m0Vs8egJvUj6LtDG-g,UC75xsrq_uBocvYIXyLY4_iA,38.13135192987524
UC74e4m0Vs8egJvUj6LtDG-g,UC7P6ltVQKDGQ3j3b57iuWRQ,35.4682957019364
UC74e4m0Vs8egJvUj6LtDG-g,UC7dpiVH0l8O2yAQx7rTLMnA,35.24202037341219
UC74e4m0Vs8egJvUj6LtDG-g,UC7vhLT-Lc47db1xsOFM6gTw,37.749172176353746
UC74e4m0Vs8egJvUj6LtDG-g,UC88_jOaLuvhMX450UJD6DBg,39.02563260217571
UC74e4m0Vs8egJvUj6LtDG-g,UC89S9LRZ8hog0TMFp5T-PTA,36.49657518178932
UC74e4m0Vs8egJvUj6LtDG-g,UC8MNZvGwlAtCCF0TmN2A0dA,34.84250278036869
UC74e4m0Vs8egJvUj6LtDG-g,UC8xz1NJSEUzVlGyYwIjF8Tw,35.66510900025401
UC74e4m0Vs8egJvUj6LtDG-g,UC9CfJhTyDIBAISF-gNx6uxQ,36.60601043544625
UC74e4m0Vs8egJvUj6LtDG-g,UC9LpevInLWcm9uRjM8qc_WQ,35.270384177096794
UC74e4m0Vs8egJvUj6LtDG-g,UC9P6TQeN1UuznA4AZiTQwKw,43.09292285283048
UC74e4m0Vs8egJvUj6LtDG-g,UC9lAv7HY7o6PRxo4gfu9xhA,35.888716889852724
UC74e4m0Vs8egJvUj6LtDG-g,UCA2fnB98pIGQO3GIYKHuDPQ,40.59556626036888
UC74e4m0Vs8egJvUj6LtDG-g,UCAJy65bqVik-EdvwT0p89Hg,36.53765181289022
UC74e4m0Vs8egJvUj6LtDG-g,UCANEa40tf38ZWxxynRPXCMg,37.255872020394314
UC74e4m0Vs8egJvUj6LtDG-g,UCAQ8CFfCCmwItdNUFkdkS-A,40.54626986542659
UC74e4m0Vs8egJvUj6LtDG-g,UCAdbQGAhzEQ5Vh1wojL8DDA,45.40925015897091
UC74e4m0Vs8egJvUj6LtDG-g,UCAqHM4W0LBTwPmUMEJC9XmQ,37.656340767525464
UC74e4m0Vs8egJvUj6LtDG-g,UCBM-yQUDLXRHll83QSd5C4w,37.04051835490427
UC75xsrq_uBocvYIXyLY4_iA,UC7P6ltVQKDGQ3j3b57iuWRQ,35.832945734337834
UC75xsrq_uBocvYIXyLY4_iA,UC7dpiVH0l8O2yAQx7rTLMnA,35.608987629529715
UC75xsrq_uBocvYIXyLY4_iA,UC7vhLT-Lc47db1xsOFM6gTw,38.45776904605882
UC75xsrq_uBocvYIXyLY4_iA,UC88_jOaLuvhMX450UJD6DBg,39.331920878594275
UC75xsrq_uBocvYIXyLY4_iA,UC89S9LRZ8hog0TMFp5T-PTA,36.932370625238775
UC75xsrq_uBocvYIXyLY4_iA,UC8MNZvGwlAtCCF0TmN2A0dA,35.38361202590826
UC75xsrq_uBocvYIXyLY4_iA,UC8xz1NJSEUzVlGyYwIjF8Tw,36.3318042491699
UC75xsrq_uBocvYIXyLY4_iA,UC9CfJhTyDIBAISF-gNx6uxQ,37.013511046643494
UC75xsrq_uBocvYIXyLY4_iA,UC9LpevInLWcm9uRjM8qc_WQ,35.608987629529715
UC75xsrq_uBocvYIXyLY4_iA,UC9P6TQeN1UuznA4AZiTQwKw,43.255057507764334
UC75xsrq_uBocvYIXyLY4_iA,UC9lAv7HY7o6PRxo4gfu9xhA,36.24913792078372
UC75xsrq_uBocvYIXyLY4_iA,UCA2fnB98pIGQO3GIYKHuDPQ,41.13392760240627
UC75xsrq_uBocvYIXyLY4_iA,UCAJy65bqVik-EdvwT0p89Hg,36.89173349139343
UC75xsrq_uBocvYIXyLY4_iA,UCANEa40tf38ZWxxynRPXCMg,37.54996671103717
UC75xsrq_uBocvYIXyLY4_iA,UCAQ8CFfCCmwItdNUFkdkS-A,40.718546143004666
UC75xsrq_uBocvYIXyLY4_iA,UCAdbQGAhzEQ5Vh1wojL8DDA,45.60701700396552
UC75xsrq_uBocvYIXyLY4_iA,UCAqHM4W0LBTwPmUMEJC9XmQ,37.841775856849004
UC75xsrq_uBocvYIXyLY4_iA,UCBM-yQUDLXRHll83QSd5C4w,37.52332607858744
UC7P6ltVQKDGQ3j3b57iuWRQ,UC7dpiVH0l8O2yAQx7rTLMnA,32.802438933713454
UC7P6ltVQKDGQ3j3b57iuWRQ,UC7vhLT-Lc47db1xsOFM6gTw,35.53871128783372
UC7P6ltVQKDGQ3j3b57iuWRQ,UC88_jOaLuvhMX450UJD6DBg,36.78314831549904
UC7P6ltVQKDGQ3j3b57iuWRQ,UC89S9LRZ8hog0TMFp5T-PTA,34.14674215792775
UC7P6ltVQKDGQ3j3b57iuWRQ,UC8MNZvGwlAtCCF0TmN2A0dA,32.2490309931942
UC7P6ltVQKDGQ3j3b57iuWRQ,UC8xz1NJSEUzVlGyYwIjF8Tw,33.075670817082454
UC7P6ltVQKDGQ3j3b57iuWRQ,UC9CfJhTyDIBAISF-gNx6uxQ,34.0
UC7P6ltVQKDGQ3j3b57iuWRQ,UC9LpevInLWcm9uRjM8qc_WQ,32.61901286060018
UC7P6ltVQKDGQ3j3b57iuWRQ,UC9P6TQeN1UuznA4AZiTQwKw,40.97560249709576
UC7P6ltVQKDGQ3j3b57iuWRQ,UC9lAv7HY7o6PRxo4gfu9xhA,33.28663395418648
UC7P6ltVQKDGQ3j3b57iuWRQ,UCA2fnB98pIGQO3GIYKHuDPQ,38.54867053479276
UC7P6ltVQKDGQ3j3b57iuWRQ,UCAJy65bqVik-EdvwT0p89Hg,34.0147027033899
UC7P6ltVQKDGQ3j3b57iuWRQ,UCANEa40tf38ZWxxynRPXCMg,34.75629439396553
UC7P6ltVQKDGQ3j3b57iuWRQ,UCAQ8CFfCCmwItdNUFkdkS-A,38.34057902536163
UC7P6ltVQKDGQ3j3b57iuWRQ,UCAdbQGAhzEQ5Vh1wojL8DDA,43.22036556994862
UC7P6ltVQKDGQ3j3b57iuWRQ,UCAqHM4W0LBTwPmUMEJC9XmQ,35.185224171518364
UC7P6ltVQKDGQ3j3b57iuWRQ,UCBM-yQUDLXRHll83QSd5C4w,34.64101615137755
UC7dpiVH0l8O2yAQx7rTLMnA,UC7vhLT-Lc47db1xsOFM6gTw,35.482389998420345
UC7dpiVH0l8O2yAQx7rTLMnA,UC88_jOaLuvhMX450UJD6DBg,36.565010597564445
UC7dpiVH0l8O2yAQx7rTLMnA,UC89S9LRZ8hog0TMFp5T-PTA,33.97057550292606
UC7dpiVH0l8O2yAQx7rTLMnA,UC8MNZvGwlAtCCF0TmN2A0dA,31.937438845342623
UC7dpiVH0l8O2yAQx7rTLMnA,UC8xz1NJSEUzVlGyYwIjF8Tw,33.015148038438355
UC7dpiVH0l8O2yAQx7rTLMnA,UC9CfJhTyDIBAISF-gNx6uxQ,33.91164991562634
UC7dpiVH0l8O2yAQx7rTLMnA,UC9LpevInLWcm9uRjM8qc_WQ,32.83291031876401
UC7dpiVH0l8O2yAQx7rTLMnA,UC9P6TQeN1UuznA4AZiTQwKw,41.02438299353203
UC7dpiVH0l8O2yAQx7rTLMnA,UC9lAv7HY7o6PRxo4gfu9xhA,33.1058907144937
UC7dpiVH0l8O2yAQx7rTLMnA,UCA2fnB98pIGQO3GIYKHuDPQ,38.39270764090493
UC7dpiVH0l8O2yAQx7rTLMnA,UCAJy65bqVik-EdvwT0p89Hg,33.77869150810907
UC7dpiVH0l8O2yAQx7rTLMnA,UCANEa40tf38ZWxxynRPXCMg,34.87119154832539
UC7dpiVH0l8O2yAQx7rTLMnA,UCAQ8CFfCCmwItdNUFkdkS-A,38.07886552931954
UC7dpiVH0l8O2yAQx7rTLMnA,UCAdbQGAhzEQ5Vh1wojL8DDA,43.243496620879306
UC7dpiVH0l8O2yAQx7rTLMnA,UCAqHM4W0LBTwPmUMEJC9XmQ,35.09985754956849
UC7dpiVH0l8O2yAQx7rTLMnA,UCBM-yQUDLXRHll83QSd5C4w,34.351128074635334
UC7vhLT-Lc47db1xsOFM6gTw,UC88_jOaLuvhMX450UJD6DBg,39.06404996924922
UC7vhLT-Lc47db1xsOFM6gTw,UC89S9LRZ8hog0TMFp5T-PTA,36.837480912787726
UC7vhLT-Lc47db1xsOFM6gTw,UC8MNZvGwlAtCCF0TmN2A0dA,34.942810419312295
UC7vhLT-Lc47db1xsOFM6gTw,UC8xz1NJSEUzVlGyYwIjF8Tw,36.013886210738214
UC7vhLT-Lc47db1xsOFM6gTw,UC9CfJhTyDIBAISF-gNx6uxQ,36.6742416417845
UC7vhLT-Lc47db1xsOFM6gTw,UC9LpevInLWcm9uRjM8qc_WQ,35.4259791678367
UC7vhLT-Lc47db1xsOFM6gTw,UC9P6TQeN1UuznA4AZiTQwKw,43.3589667773576
UC7vhLT-Lc47db1xsOFM6gTw,UC9lAv7HY7o6PRxo4gfu9xhA,35.84689665786984
UC7vhLT-Lc47db1xsOFM6gTw,UCA2fnB98pIGQO3GIYKHuDPQ,41.0
UC7vhLT-Lc47db1xsOFM6gTw,UCAJy65bqVik-EdvwT0p89Hg,36.76955262170047
UC7vhLT-Lc47db1xsOFM6gTw,UCANEa40tf38ZWxxynRPXCMg,37.26929030716845
UC7vhLT-Lc47db1xsOFM6gTw,UCAQ8CFfCCmwItdNUFkdkS-A,40.779897008207364
UC7vhLT-Lc47db1xsOFM6gTw,UCAdbQGAhzEQ5Vh1wojL8DDA,45.48626166217664
UC7vhLT-Lc47db1xsOFM6gTw,UCAqHM4W0LBTwPmUMEJC9XmQ,37.907782842049734
UC7vhLT-Lc47db1xsOFM6gTw,UCBM-yQUDLXRHll83QSd5C4w,37.21558813185679
UC88_jOaLuvhMX450UJD6DBg,UC89S9LRZ8hog0TMFp5T-PTA,37.72267222772003
UC88_jOaLuvhMX450UJD6DBg,UC8MNZvGwlAtCCF0TmN2A0dA,35.98610843089316
UC88_jOaLuvhMX450UJD6DBg,UC8xz1NJSEUzVlGyYwIjF8Tw,36.64696440361739
UC88_jOaLuvhMX450UJD6DBg,UC9CfJhTyDIBAISF-gNx6uxQ,37.61648574760805
UC88_jOaLuvhMX450UJD6DBg,UC9LpevInLWcm9uRjM8qc_WQ,36.61966684720111
UC88_jOaLuvhMX450UJD6DBg,UC9P6TQeN1UuznA4AZiTQwKw,44.0
UC88_jOaLuvhMX450UJD6DBg,UC9lAv7HY7o6PRxo4gfu9xhA,37.134889255254286
UC88_jOaLuvhMX450UJD6DBg,UCA2fnB98pIGQO3GIYKHuDPQ,41.65333119931706
UC88_jOaLuvhMX450UJD6DBg,UCAJy65bqVik-EdvwT0p89Hg,37.49666651850535
UC88_jOaLuvhMX450UJD6DBg,UCANEa40tf38ZWxxynRPXCMg,38.63935817272331
UC88_jOaLuvhMX450UJD6DBg,UCAQ8CFfCCmwItdNUFkdkS-A,41.41255848169731
UC88_jOaLuvhMX450UJD6DBg,UCAdbQGAhzEQ5Vh1wojL8DDA,46.184412955021955
UC88_jOaLuvhMX450UJD6DBg,UCAqHM4W0LBTwPmUMEJC9XmQ,38.45776904605882
UC88_jOaLuvhMX450UJD6DBg,UCBM-yQUDLXRHll83QSd5C4w,38.144462245521304
UC89S9LRZ8hog0TMFp5T-PTA,UC8MNZvGwlAtCCF0TmN2A0dA,33.436506994600975
UC89S9LRZ8hog0TMFp5T-PTA,UC8xz1NJSEUzVlGyYwIjF8Tw,34.14674215792775
UC89S9LRZ8hog0TMFp5T-PTA,UC9CfJhTyDIBAISF-gNx6uxQ,35.270384177096794
UC89S9LRZ8hog0TMFp5T-PTA,UC9LpevInLWcm9uRjM8qc_WQ,33.734255586866
UC89S9LRZ8hog0TMFp5T-PTA,UC9P6TQeN1UuznA4AZiTQwKw,42.01190307520001
UC89S9LRZ8hog0TMFp5T-PTA,UC9lAv7HY7o6PRxo4gfu9xhA,34.55430508634199
UC89S9LRZ8hog0TMFp5T-PTA,UCA2fnB98pIGQO3GIYKHuDPQ,39.4715087119811
UC89S9LRZ8hog0TMFp5T-PTA,UCAJy65bqVik-EdvwT0p89Hg,35.17101079013795
UC89S9LRZ8hog0TMFp5T-PTA,UCANEa40tf38ZWxxynRPXCMg,36.02776706930364
UC89S9LRZ8hog0TMFp5T-PTA,UCAQ8CFfCCmwItdNUFkdkS-A,39.319206502675
UC89S9LRZ8hog0TMFp5T-PTA,UCAdbQGAhzEQ5Vh1wojL8DDA,44.36214602563767
UC89S9LRZ8hog0TMFp5T-PTA,UCAqHM4W0LBTwPmUMEJC9XmQ,36.30426972134269
UC89S9LRZ8hog0TMFp5T-PTA,UCBM-yQUDLXRHll83QSd5C4w,35.52463933666322
UC8MNZvGwlAtCCF0TmN2A0dA,UC8xz1NJSEUzVlGyYwIjF8Tw,32.12475680841802
UC8MNZvGwlAtCCF0TmN2A0dA,UC9CfJhTyDIBAISF-gNx6uxQ,33.37663853655727
UC8MNZvGwlAtCCF0TmN2A0dA,UC9LpevInLWcm9uRjM8qc_WQ,32.155870381627054
UC8MNZvGwlAtCCF0TmN2A0dA,UC9P6TQeN1UuznA4AZiTQwKw,40.65710270051225
UC8MNZvGwlAtCCF0TmN2A0dA,UC9lAv7HY7o6PRxo4gfu9xhA,32.64965543462902
UC8MNZvGwlAtCCF0TmN2A0dA,UCA2fnB98pIGQO3GIYKHuDPQ,37.97367509209505
UC8MNZvGwlAtCCF0TmN2A0dA,UCAJy65bqVik-EdvwT0p89Hg,33.391615714128
UC8MNZvGwlAtCCF0TmN2A0dA,UCANEa40tf38ZWxxynRPXCMg,34.292856398964496
UC8MNZvGwlAtCCF0TmN2A0dA,UCAQ8CFfCCmwItdNUFkdkS-A,37.70941526992961
UC8MNZvGwlAtCCF0TmN2A0dA,UCAdbQGAhzEQ5Vh1wojL8DDA,43.034869582700026
UC8MNZvGwlAtCCF0TmN2A0dA,UCAqHM4W0LBTwPmUMEJC9XmQ,34.322004603461025
UC8MNZvGwlAtCCF0TmN2A0dA,UCBM-yQUDLXRHll83QSd5C4w,33.823069050575526
UC8xz1NJSEUzVlGyYwIjF8Tw,UC9CfJhTyDIBAISF-gNx6uxQ,34.26368339802363
UC8xz1NJSEUzVlGyYwIjF8Tw,UC9LpevInLWcm9uRjM8qc_WQ,33.015148038438355
UC8xz1NJSEUzVlGyYwIjF8Tw,UC9P6TQeN1UuznA4AZiTQwKw,41.340053217188775
UC8xz1NJSEUzVlGyYwIjF8Tw,UC9lAv7HY7o6PRxo4gfu9xhA,33.52610922848042
UC8xz1NJSEUzVlGyYwIjF8Tw,UCA2fnB98pIGQO3GIYKHuDPQ,38.62641583165593
UC8xz1NJSEUzVlGyYwIjF8Tw,UCAJy65bqVik-EdvwT0p89Hg,33.8673884437522
UC8xz1NJSEUzVlGyYwIjF8Tw,UCANEa40tf38ZWxxynRPXCMg,34.92849839314596
UC8xz1NJSEUzVlGyYwIjF8Tw,UCAQ8CFfCCmwItdNUFkdkS-A,38.41874542459709
UC8xz1NJSEUzVlGyYwIjF8Tw,UCAdbQGAhzEQ5Vh1wojL8DDA,43.77213725647858
UC8xz1NJSEUzVlGyYwIjF8Tw,UCAqHM4W0LBTwPmUMEJC9XmQ,35.156791662493895
UC8xz1NJSEUzVlGyYwIjF8Tw,UCBM-yQUDLXRHll83QSd5C4w,34.49637662132068
UC9CfJhTyDIBAISF-gNx6uxQ,UC9LpevInLWcm9uRjM8qc_WQ,33.97057550292606
UC9CfJhTyDIBAISF-gNx6uxQ,UC9P6TQeN1UuznA4AZiTQwKw,42.01190307520001
UC9CfJhTyDIBAISF-gNx6uxQ,UC9lAv7HY7o6PRxo4gfu9xhA,34.351128074635334
UC9CfJhTyDIBAISF-gNx6uxQ,UCA2fnB98pIGQO3GIYKHuDPQ,39.57271787481876
UC9CfJhTyDIBAISF-gNx6uxQ,UCAJy65bqVik-EdvwT0p89Hg,35.02855977627399
UC9CfJhTyDIBAISF-gNx6uxQ,UCANEa40tf38ZWxxynRPXCMg,35.77708763999664
UC9CfJhTyDIBAISF-gNx6uxQ,UCAQ8CFfCCmwItdNUFkdkS-A,39.16631205513228
UC9CfJhTyDIBAISF-gNx6uxQ,UCAdbQGAhzEQ5Vh1wojL8DDA,44.654227123532216
UC9CfJhTyDIBAISF-gNx6uxQ,UCAqHM4W0LBTwPmUMEJC9XmQ,36.27671429443411
UC9CfJhTyDIBAISF-gNx6uxQ,UCBM-yQUDLXRHll83QSd5C4w,35.7211421989835
UC9LpevInLWcm9uRjM8qc_WQ,UC9P6TQeN1UuznA4AZiTQwKw,40.80441152620633
UC9LpevInLWcm9uRjM8qc_WQ,UC9lAv7HY7o6PRxo4gfu9xhA,33.1058907144937
UC9LpevInLWcm9uRjM8qc_WQ,UCA2fnB98pIGQO3GIYKHuDPQ,38.47076812334269
UC9LpevInLWcm9uRjM8qc_WQ,UCAJy65bqVik-EdvwT0p89Hg,33.95585369269929
UC9LpevInLWcm9uRjM8qc_WQ,UCANEa40tf38ZWxxynRPXCMg,34.52535300326414
UC9LpevInLWcm9uRjM8qc_WQ,UCAQ8CFfCCmwItdNUFkdkS-A,38.23610858861032
UC9LpevInLWcm9uRjM8qc_WQ,UCAdbQGAhzEQ5Vh1wojL8DDA,43.54308211415448
UC9LpevInLWcm9uRjM8qc_WQ,UCAqHM4W0LBTwPmUMEJC9XmQ,35.09985754956849
UC9LpevInLWcm9uRjM8qc_WQ,UCBM-yQUDLXRHll83QSd5C4w,34.23448553724738
UC9P6TQeN1UuznA4AZiTQwKw,UC9lAv7HY7o6PRxo4gfu9xhA,41.50903516103452
UC9P6TQeN1UuznA4AZiTQwKw,UCA2fnB98pIGQO3GIYKHuDPQ,45.749316934791494
UC9P6TQeN1UuznA4AZiTQwKw,UCAJy65bqVik-EdvwT0p89Hg,42.02380277890139
UC9P6TQeN1UuznA4AZiTQwKw,UCANEa40tf38ZWxxynRPXCMg,42.532340636273474
UC9P6TQeN1UuznA4AZiTQwKw,UCAQ8CFfCCmwItdNUFkdkS-A,45.552167895721496
UC9P6TQeN1UuznA4AZiTQwKw,UCAdbQGAhzEQ5Vh1wojL8DDA,50.00999900019995
UC9P6TQeN1UuznA4AZiTQwKw,UCAqHM4W0LBTwPmUMEJC9XmQ,42.906875905849866
UC9P6TQeN1UuznA4AZiTQwKw,UCBM-yQUDLXRHll83QSd5C4w,42.46174749112429
UC9lAv7HY7o6PRxo4gfu9xhA,UCA2fnB98pIGQO3GIYKHuDPQ,39.01281840626232
UC9lAv7HY7o6PRxo4gfu9xhA,UCAJy65bqVik-EdvwT0p89Hg,34.45286635390443
UC9lAv7HY7o6PRxo4gfu9xhA,UCANEa40tf38ZWxxynRPXCMg,35.298725189445584
UC9lAv7HY7o6PRxo4gfu9xhA,UCAQ8CFfCCmwItdNUFkdkS-A,38.7556447501522
UC9lAv7HY7o6PRxo4gfu9xhA,UCAdbQGAhzEQ5Vh1wojL8DDA,43.93176527297759
UC9lAv7HY7o6PRxo4gfu9xhA,UCAqHM4W0LBTwPmUMEJC9XmQ,35.63705936241092
UC9lAv7HY7o6PRxo4gfu9xhA,UCBM-yQUDLXRHll83QSd5C4w,35.04283093587046
UCA2fnB98pIGQO3GIYKHuDPQ,UCAJy65bqVik-EdvwT0p89Hg,39.50949253027682
UCA2fnB98pIGQO3GIYKHuDPQ,UCANEa40tf38ZWxxynRPXCMg,40.22437072223753
UCA2fnB98pIGQO3GIYKHuDPQ,UCAQ8CFfCCmwItdNUFkdkS-A,43.05810028322197
UCA2fnB98pIGQO3GIYKHuDPQ,UCAdbQGAhzEQ5Vh1wojL8DDA,47.644516998286385
UCA2fnB98pIGQO3GIYKHuDPQ,UCAqHM4W0LBTwPmUMEJC9XmQ,40.496913462633174
UCA2fnB98pIGQO3GIYKHuDPQ,UCBM-yQUDLXRHll83QSd5C4w,39.74921382870358
UCAJy65bqVik-EdvwT0p89Hg,UCANEa40tf38ZWxxynRPXCMg,35.958309192730404
UCAJy65bqVik-EdvwT0p89Hg,UCAQ8CFfCCmwItdNUFkdkS-A,39.230090491866065
UCAJy65bqVik-EdvwT0p89Hg,UCAdbQGAhzEQ5Vh1wojL8DDA,44.21538193886829
UCAJy65bqVik-EdvwT0p89Hg,UCAqHM4W0LBTwPmUMEJC9XmQ,36.0416425818802
UCAJy65bqVik-EdvwT0p89Hg,UCBM-yQUDLXRHll83QSd5C4w,35.59494346111537
UCANEa40tf38ZWxxynRPXCMg,UCAQ8CFfCCmwItdNUFkdkS-A,39.97499218261337
UCANEa40tf38ZWxxynRPXCMg,UCAdbQGAhzEQ5Vh1wojL8DDA,45.0111097397076
UCANEa40tf38ZWxxynRPXCMg,UCAqHM4W0LBTwPmUMEJC9XmQ,36.796738985948195
UCANEa40tf38ZWxxynRPXCMg,UCBM-yQUDLXRHll83QSd5C4w,36.49657518178932
UCAQ8CFfCCmwItdNUFkdkS-A,UCAdbQGAhzEQ5Vh1wojL8DDA,47.53945729601885
UCAQ8CFfCCmwItdNUFkdkS-A,UCAqHM4W0LBTwPmUMEJC9XmQ,40.29888335921977
UCAQ8CFfCCmwItdNUFkdkS-A,UCBM-yQUDLXRHll83QSd5C4w,39.774363602702685
UCAdbQGAhzEQ5Vh1wojL8DDA,UCAqHM4W0LBTwPmUMEJC9XmQ,45.18849411078001
UCAdbQGAhzEQ5Vh1wojL8DDA,UCBM-yQUDLXRHll83QSd5C4w,44.78839135311738
UCAqHM4W0LBTwPmUMEJC9XmQ,UCBM-yQUDLXRHll83QSd5C4w,36.796738985948195
